{"stats":{"minecraft:custom":{"minecraft:interact_with_crafting_table":172,"minecraft:open_barrel":46,"minecraft:leave_game":19,"minecraft:time_since_death":68866,"minecraft:play_time":772416,"minecraft:deaths":2,"minecraft:jump":10012,"minecraft:interact_with_furnace":206,"minecraft:sleep_in_bed":14,"minecraft:damage_dealt":50211,"tombstone:undead_killed":172,"minecraft:interact_with_smoker":1,"minecraft:interact_with_smithing_table":10,"minecraft:interact_with_anvil":2,"minecraft:inspect_hopper":42,"minecraft:sneak_time":26459,"minecraft:interact_with_blast_furnace":1,"minecraft:total_world_time":772416,"tombstone:raider_killed":4,"minecraft:time_since_rest":68759,"minecraft:swim_one_cm":105555,"minecraft:fly_one_cm":1635247,"minecraft:open_chest":493,"minecraft:fall_one_cm":250460,"minecraft:sprint_one_cm":1450878,"minecraft:drop":316,"minecraft:talked_to_villager":3,"minecraft:walk_on_water_one_cm":81434,"minecraft:interact_with_loom":10,"minecraft:crouch_one_cm":74272,"tombstone:villager_killed":1,"minecraft:mob_kills":238,"minecraft:climb_one_cm":8924,"minecraft:walk_one_cm":2266142,"minecraft:walk_under_water_one_cm":41866,"minecraft:pot_flower":1,"minecraft:interact_with_grindstone":1,"minecraft:damage_taken":7087},"minecraft:crafted":{"minecraft:birch_slab":12,"ironfurnaces:iron_furnace":1,"minecraft:diamond_shovel":1,"ironfurnaces:diamond_furnace":1,"butchersdelightfoods:cooked_leg_cow":3,"minecraft:glass":9,"minecraft:iron_door":6,"minecraft:glass_bottle":3,"minecraft:wooden_shovel":2,"minecraft:cooked_porkchop":1,"farmersdelight:iron_knife":1,"farmersdelight:cabbage_crate":8,"travelersbackpack:standard":3,"minecraft:spruce_door":6,"minecraft:smithing_table":1,"minecraft:copper_ingot":9,"minecraft:campfire":1,"qualitycrops:cooked_mutton_iron":1,"minecraft:golden_leggings":1,"minecraft:wooden_hoe":1,"minecraft:iron_pickaxe":5,"minecraft:gold_ingot":19,"minecraft:iron_nugget":90,"butchersdelightfoods:cookedsheepshank":1,"minecraft:bone_meal":6,"butchersdelightfoods:cookedbeefribs":2,"ironfurnaces:emerald_furnace":1,"minecraft:spruce_stairs":12,"travelersbackpack:white_sleeping_bag":2,"farmersdelight:birch_cabinet":2,"minecraft:stone_pickaxe":3,"minecraft:golden_helmet":1,"farmersdelight:hamburger":1,"farmersdelight:onion_crate":1,"butchersdelightfoods:coockedbeeftenderloin":3,"minecraft:birch_trapdoor":6,"minecraft:wooden_axe":1,"minecraft:oak_stairs":36,"minecraft:iron_shovel":1,"minecraft:iron_leggings":2,"delightful:cantaloupe_slice":3,"minecraft:oak_planks":308,"qualitycrops:cooked_cod_iron":3,"minecraft:cooked_chicken":1,"butchersdelightfoods:cooked_ham":3,"minecraft:spruce_pressure_plate":4,"farmersdelight:safety_net":3,"minecraft:hopper":2,"minecraft:iron_boots":2,"tombstone:grave_key":1,"butchersdelightfoods:cookedporkribs":1,"minecraft:chest":17,"farmersdelight:tomato_seeds":1,"minecraft:crafting_table":13,"minecraft:spruce_planks":288,"minecraft:baked_potato":5,"minecraft:wooden_pickaxe":1,"minecraft:iron_helmet":2,"minecraft:gold_block":1,"butchersdelight:cleaver":1,"minecraft:birch_planks":380,"farmersdelight:skillet":1,"farmersdelight:cutting_board":1,"minecraft:iron_chestplate":2,"minecraft:paper":12,"minecraft:diamond_pickaxe":1,"minecraft:birch_fence":15,"minecraft:stick":116,"minecraft:iron_ingot":88,"minecraft:stone_sword":1,"miners_delight:copper_cup":1,"minecraft:shears":2,"minecraft:wooden_sword":1,"minecraft:oak_door":6,"ironfurnaces:gold_furnace":1,"minecraft:furnace":3,"supplementaries:doormat":2,"alexscaves:cave_map":1,"farmersdelight:tomato_crate":4,"minecraft:iron_axe":6,"minecraft:cooked_cod":7,"minecraft:spruce_sign":3,"butchersdelight:hook":15,"travelersbackpack:backpack_tank":4,"minecraft:iron_sword":1,"minecraft:bowl":12,"minecraft:bucket":1,"miners_delight:copper_pot":1,"minecraft:stone_axe":4,"minecraft:bread":1,"minecraft:air":0,"ironfurnaces:copper_furnace":1,"minecraft:white_wool":1,"minecraft:raw_gold":54,"delightful:salmonberry_pips":1,"minecraft:torch":104,"butchersdelightfoods:cookedporkloin":1,"ironchest:iron_chest":2},"minecraft:killed":{"alexsmobs:lobster":3,"minecraft:cod":3,"minecraft:skeleton":40,"minecraft:zombie":129,"minecraft:glow_squid":1,"alexsmobs:raccoon":1,"minecraft:wandering_trader":1,"minecraft:enderman":5,"minecraft:witch":1,"minecraft:spider":17,"artifacts:mimic":3,"minecraft:wolf":1,"alexsmobs:grizzly_bear":2,"minecraft:creeper":8,"minecraft:sheep":11,"alexsmobs:fly":2,"alexsmobs:sugar_glider":1,"minecraft:phantom":3,"alexsmobs:flying_fish":3,"alexsmobs:crow":1},"minecraft:broken":{"minecraft:iron_boots":1,"minecraft:iron_chestplate":1,"minecraft:iron_leggings":1,"minecraft:iron_sword":1,"minecraft:iron_axe":4,"minecraft:iron_pickaxe":2,"minecraft:iron_helmet":1,"minecraft:golden_helmet":1,"minecraft:iron_shovel":1,"minecraft:stone_pickaxe":1,"minecraft:stone_axe":3},"minecraft:mined":{"botania:red_mystical_flower":2,"minecraft:obsidian":8,"botania:light_blue_mushroom":1,"minecraft:hopper":7,"minecraft:spawner":9,"minecraft:magma_block":4,"minecraft:mossy_cobblestone_stairs":3,"minecraft:fire":4,"minecraft:cobbled_deepslate":4,"minecraft:barrel":1,"minecraft:moss_carpet":8,"minecraft:deepslate_lapis_ore":19,"minecraft:cave_vines":30,"minecraft:oak_stairs":54,"minecraft:pink_tulip":1,"farmersdelight:wild_potatoes":6,"ae2:large_quartz_bud":1,"botania:green_mystical_flower":9,"minecraft:brown_mushroom":18,"minecraft:potted_brown_mushroom":1,"minecraft:kelp_plant":3,"ironfurnaces:iron_furnace":2,"ironfurnaces:copper_furnace":1,"minecraft:torch":54,"farmersdelight:cabbage_crate":1,"minecraft:polished_andesite_stairs":3,"minecraft:spruce_wall_sign":1,"farmersdelight:cabbages":51,"minecraft:cyan_bed":1,"minecraft:sugar_cane":39,"minecraft:damaged_anvil":2,"botania:black_mystical_flower":4,"minecraft:wheat":7,"minecraft:magenta_bed":2,"pineapple_delight:pineapple_crop":3,"minecraft:lilac":12,"minecraft:jukebox":1,"minecraft:stone_brick_stairs":1,"minecraft:grass":101,"butchersdelight:hook":3,"ae2:small_quartz_bud":5,"minecraft:smooth_basalt":2,"minecraft:deepslate":64,"minecraft:suspicious_gravel":1,"minecraft:mossy_cobblestone":1,"farmersdelight:wild_carrots":1,"botania:red_mushroom":4,"butchersdelight:deadsheepblock":1,"minecraft:allium":10,"delightful:cantaloupe_plant":2,"farmersdelight:wild_cabbages":24,"minecraft:moss_block":45,"butchersdelight:deadpigblock":1,"minecraft:kelp":2,"farmersdelight:wild_onions":27,"botania:magenta_mystical_flower":5,"supplementaries:flax":7,"pineapple_delight:pineapple_wild_crop":1,"minecraft:rail":2,"ironchest:iron_chest":6,"butchersdelight:skullcow":2,"ae2:sky_stone_block":14,"minecraft:white_wool":4,"farmersdelight:birch_cabinet":1,"minecraft:smithing_table":1,"botania:lime_mystical_flower":4,"minecraft:lily_of_the_valley":2,"minecraft:dandelion":3,"minecraft:emerald_ore":1,"botania:pink_mushroom":1,"minecraft:campfire":2,"minecraft:tall_grass":20,"minecraft:copper_ore":14,"minecraft:deepslate_gold_ore":27,"minecraft:big_dripleaf":4,"supplementaries:doormat":4,"minecraft:spruce_log":180,"minecraft:birch_leaves":7,"minecraft:zombie_head":1,"minecraft:cobweb":2,"botania:gray_mystical_flower":5,"minecraft:gold_ore":9,"minecraft:fern":33,"miners_delight:wild_cave_carrots":7,"minecraft:large_amethyst_bud":1,"minecraft:spruce_planks":42,"corn_delight:wild_corn":9,"minecraft:cobblestone_stairs":2,"farmersdelight:tomato_crate":3,"minecraft:brewing_stand":1,"minecraft:cave_vines_plant":17,"minecraft:grass_block":235,"minecraft:smooth_stone":1,"minecraft:mossy_cobblestone_slab":1,"ironfurnaces:gold_furnace":1,"minecraft:iron_ore":44,"minecraft:azalea":6,"corn_delight:corn_crop":3,"minecraft:deepslate_redstone_ore":6,"botania:orange_mystical_flower":5,"minecraft:blackstone":123,"minecraft:clay":28,"minecraft:poppy":1,"minecraft:chest":9,"farmersdelight:safety_net":6,"minecraft:cobblestone":72,"botania:blue_mystical_flower":5,"minecraft:oak_planks":30,"minecraft:wall_torch":128,"farmersdelight:sandy_shrub":12,"minecraft:birch_log":158,"delightful:cantaloupe":7,"minecraft:smooth_stone_slab":11,"ae2:quartz_block":2,"minecraft:oak_log":102,"botania:gray_double_flower":2,"minecraft:sand":65,"minecraft:dirt":132,"minecraft:netherrack":3,"minecraft:oak_leaves":12,"alexscaves:spelunkery_table":1,"minecraft:tuff":6,"farmersdelight:onions":1,"minecraft:deepslate_diamond_ore":39,"minecraft:oak_door":2,"minecraft:decorated_pot":3,"minecraft:spruce_leaves":7,"minecraft:large_fern":15,"botania:purple_mushroom":1,"minecraft:spore_blossom":1,"minecraft:furnace":5,"botania:white_mushroom":3,"minecraft:stripped_spruce_log":4,"minecraft:peony":1,"ae2:mysterious_cube":1,"minecraft:gold_block":2,"minecraft:bookshelf":1,"minecraft:deepslate_iron_ore":73,"minecraft:stripped_oak_log":1,"butchersdelight:deadllamablock":1,"minecraft:stone":128,"farmersdelight:cooking_pot":2,"minecraft:flowering_azalea":13,"minecraft:spruce_door":2,"minecraft:crafting_table":10,"minecraft:rose_bush":1,"farmersdelight:onion_crate":1,"minecraft:lapis_ore":13,"delightful:wild_salmonberries":12,"butchersdelight:deadchickenblock":1,"supplementaries:urn":65,"botania:pink_mystical_flower":5,"minecraft:birch_planks":267,"ironfurnaces:diamond_furnace":4,"butchersdelight:deadcowblock":1,"minecraft:sweet_berry_bush":1,"minecraft:coal_ore":134,"farmersdelight:stove":1,"minecraft:cracked_stone_bricks":2,"minecraft:polished_andesite":45,"minecraft:small_dripleaf":3,"minecraft:mossy_stone_bricks":1,"miners_delight:copper_pot":2},"minecraft:killed_by":{"minecraft:skeleton":1},"minecraft:used":{"minecraft:moss_block":14,"farmersdelight:onion_crate":2,"farmersdelight:cabbage_seeds":8,"minecraft:chest":21,"farmersdelight:cabbage":2,"minecraft:rotten_flesh":7,"minecraft:allium":3,"ironchest:iron_chest":8,"minecraft:polished_andesite_stairs":2,"qualitycrops:glow_berries_gold":1,"minecraft:stone_brick_stairs":1,"supplementaries:bomb_blue":1,"ironfurnaces:iron_furnace":2,"minecraft:furnace":7,"minecraft:cooked_cod":7,"minecraft:potato":8,"minecraft:damaged_anvil":2,"qualitycrops:cooked_mutton_iron":4,"butchersdelightfoods:coockedbeeftenderloin":10,"minecraft:spruce_door":4,"minecraft:blackstone":15,"minecraft:wooden_pickaxe":12,"butchersdelight:skullcow":10,"minecraft:glow_berries":19,"minecraft:sand":25,"minecraft:birch_fence":14,"pineapple_delight:pineapple_crop":2,"minecraft:zombie_head":1,"supplementaries:flax_seeds":9,"minecraft:diamond_sword":17,"minecraft:wooden_sword":42,"butchersdelightfoods:cooked_llama_ribs":5,"minecraft:smithing_table":2,"minecraft:birch_log":7,"ironfurnaces:copper_furnace":1,"ironfurnaces:gold_furnace":1,"botania:white_mushroom":3,"minecraft:stone_sword":53,"butchersdelightfoods:cookedporkloin":4,"minecraft:netherrack":1,"minecraft:torch":174,"minecraft:brewing_stand":1,"ironfurnaces:diamond_furnace":5,"minecraft:mossy_cobblestone_stairs":3,"supplementaries:doormat":6,"butchersdelight:cleaver":7,"botania:blue_mystical_flower":2,"minecraft:iron_axe":1102,"farmersdelight:cabbage_crate":9,"butchersdelightfoods:cooked_llama_loin":5,"farmersdelight:cooking_pot":2,"tombstone:gift":7,"minecraft:cobbled_deepslate":29,"farmersdelight:tomato_seeds":1,"minecraft:water_bucket":6,"farmersdelight:tomato_crate":7,"minecraft:birch_planks":514,"minecraft:cracked_stone_bricks":2,"delightful:salmonberries":6,"minecraft:mossy_cobblestone":1,"minecraft:crafting_table":23,"minecraft:campfire":1,"minecraft:spruce_log":9,"qualitycrops:sweet_berries_gold":1,"minecraft:oak_log":10,"alexsmobs:flying_fish":1,"minecraft:diamond_pickaxe":223,"travelersbackpack:creeper":7,"farmersdelight:pasta_with_meatballs":1,"minecraft:iron_pickaxe":731,"minecraft:spruce_pressure_plate":4,"minecraft:cobblestone":126,"travelersbackpack:standard":11,"minecraft:cooked_porkchop":3,"minecraft:iron_shovel":253,"minecraft:decorated_pot":2,"farmersdelight:stove":1,"minecraft:iron_sword":456,"butchersdelight:hook":20,"farmersdelight:birch_cabinet":3,"butchersdelightfoods:cookedbeefribs":6,"alexsmobs:lobster_tail":1,"minecraft:mossy_cobblestone_slab":1,"pineapple_delight:pineapple":2,"minecraft:spruce_hanging_sign":1,"farmersdelight:tomato_sauce":2,"farmersdelight:cutting_board":1,"farmersdelight:safety_net":9,"miners_delight:copper_pot":2,"qualitycrops:cooked_cod_iron":1,"minecraft:stone_pickaxe":220,"minecraft:oak_planks":92,"botania:orange_mystical_flower":4,"butchersdelightfoods:cookedsheepshank":6,"minecraft:sugar_cane":18,"minecraft:white_wool":5,"alexscaves:cave_book":3,"minecraft:cyan_bed":1,"minecraft:iron_door":2,"farmersdelight:ham":5,"butchersdelightfoods:cooked_ham":4,"botania:magenta_mystical_flower":4,"minecraft:smooth_stone_slab":7,"butchersdelightfoods:cooked_sheeploin":4,"minecraft:rose_bush":1,"minecraft:spruce_planks":196,"botania:green_mystical_flower":7,"minecraft:cooked_chicken":1,"butchersdelightfoods:cooked_leg_cow":10,"minecraft:oak_door":4,"minecraft:dirt":346,"minecraft:hopper":9,"minecraft:spruce_stairs":10,"minecraft:wooden_axe":26,"minecraft:oak_stairs":86,"minecraft:iron_boots":1,"alexscaves:spelunkery_table":1,"butchersdelightfoods:cooked_llama_leg":1,"minecraft:cooked_beef":3,"minecraft:iron_leggings":1,"minecraft:cooked_mutton":4,"minecraft:cobblestone_stairs":2,"farmersdelight:skillet":1,"minecraft:glass_bottle":1,"minecraft:polished_andesite":37,"minecraft:baked_potato":5,"minecraft:spruce_sign":3,"farmersdelight:onion":30,"minecraft:magenta_bed":2,"botania:red_mystical_flower":2,"corn_delight:corn_seeds":2,"minecraft:wooden_hoe":50,"minecraft:stone_axe":213,"butchersdelightfoods:cookedsheeprack":6,"ironfurnaces:emerald_furnace":1,"minecraft:bucket":15,"alexsmobs:animal_dictionary":8,"minecraft:smooth_stone":1},"minecraft:picked_up":{"minecraft:wooden_axe":1,"qualitycrops:wheat_gold":1,"minecraft:iron_chestplate":2,"farmersdelight:birch_cabinet":1,"butchersdelightfoods:legcow":8,"minecraft:flower_pot":1,"butchersdelightfoods:llamma_ribs":5,"minecraft:smithing_table":1,"minecraft:diamond_sword":1,"minecraft:oak_stairs":71,"minecraft:enchanted_book":6,"minecraft:brewing_stand":1,"botania:light_blue_mushroom":7,"butchersdelightfoods:llama_loin":5,"minecraft:string":12,"qualitycrops:sweet_berries_iron":3,"travelersbackpack:creeper":2,"botania:light_gray_double_flower":1,"minecraft:cobbled_deepslate":45,"minecraft:spruce_planks":107,"minecraft:sheaf_pottery_sherd":1,"minecraft:big_dripleaf":1,"alexsmobs:centipede_leg":2,"botania:manasteel_ingot":2,"qualitysdelight:onion_iron":1,"farmersdelight:onion":34,"minecraft:blue_dye":1,"supplementaries:ash":175,"qualitysdelight:cabbage_gold":1,"alexsmobs:lobster_tail":3,"alexsmobs:flying_fish":8,"minecraft:birch_log":157,"botania:cyan_mushroom":2,"minecraft:magma_block":3,"minecraft:mossy_cobblestone_slab":1,"butchersdelightfoods:beeftenderloin":8,"minecraft:feather":7,"farmersdelight:rice":10,"minecraft:water_bucket":3,"farmersdelight:safety_net":6,"butchersdelight:deadpig":15,"delightful:cantaloupe":9,"minecraft:magenta_bed":2,"butchersdelightfoods:cookedporkloin":3,"farmersdelight:tomato":24,"supplementaries:doormat":4,"butchersdelightfoods:cookedsheeprack":6,"minecraft:moss_block":29,"butchersdelightfoods:cooked_llama_leg":1,"botania:red_mystical_flower":2,"botania:gray_double_flower":2,"miners_delight:gossypium":7,"qualitycrops:mutton_gold":2,"qualitysdelight:cabbage_iron":4,"alexsmobs:shark_tooth":1,"butchersdelight:skullcow":12,"qualitycrops:sugar_cane_diamond":3,"butchersdelightfoods:porkloin":8,"minecraft:stripped_spruce_log":9,"minecraft:ink_sac":1,"alexsmobs:animal_dictionary":1,"minecraft:bundle":5,"minecraft:polished_andesite":37,"minecraft:angler_pottery_sherd":1,"qualitycrops:apple_diamond":1,"alexsmobs:maggot":3,"minecraft:shelter_pottery_sherd":1,"minecraft:crafting_table":12,"minecraft:clay_ball":224,"ae2:silicon_press":1,"qualitycrops:mutton_iron":6,"minecraft:iron_shovel":1,"butchersdelight:dead_cow":12,"minecraft:cracked_stone_bricks":2,"minecraft:beef":8,"minecraft:iron_nugget":128,"minecraft:poppy":6,"ironfurnaces:diamond_furnace":2,"minecraft:chest":14,"minecraft:birch_sapling":1,"minecraft:egg":1,"minecraft:oak_door":2,"farmersdelight:cabbage_crate":1,"artifacts:charm_of_sinking":3,"farmersdelight:minced_beef":2,"botania:purple_mushroom":7,"ironchest:iron_chest":6,"butchersdelightfoods:cooked_llama_ribs":2,"farmersdelight:tomato_seeds":31,"botania:pink_mushroom":6,"minecraft:carrot":3,"minecraft:redstone":19,"botania:black_lotus":3,"butchersdelight:deadsheep":13,"minecraft:beetroot_seeds":3,"minecraft:decorated_pot":2,"ironfurnaces:gold_furnace":1,"minecraft:shears":1,"farmersdelight:hamburger":1,"botania:blue_mystical_flower":8,"tombstone:essence_of_undeath":2,"butchersdelightfoods:sheeprack":7,"minecraft:gold_ingot":31,"minecraft:glow_berries":24,"botania:green_mystical_flower":9,"minecraft:mutton":15,"qualitysdelight:cabbage_diamond":1,"minecraft:white_wool":18,"minecraft:red_mushroom":1,"botania:light_gray_mushroom":3,"minecraft:oak_log":122,"qualitycrops:cooked_mutton_gold":1,"botania:red_mushroom":7,"miners_delight:copper_pot":2,"minecraft:paper":1,"tombstone:gift":1,"butchersdelight:deadchiken":11,"qualitycrops:apple_iron":1,"farmersdelight:cooking_pot":2,"minecraft:kelp":7,"minecraft:spore_blossom":1,"pineapple_delight:pineapple":3,"botania:cyan_petal":6,"minecraft:iron_sword":1,"minecraft:flowering_azalea":3,"minecraft:polished_andesite_stairs":3,"minecraft:smooth_basalt":1,"minecraft:sweet_berries":12,"minecraft:gravel":1,"minecraft:spruce_sapling":1,"delightful:salmonberries":9,"botania:lime_mushroom":3,"minecraft:spruce_log":180,"farmersdelight:cabbage_leaf":2,"minecraft:snort_pottery_sherd":1,"minecraft:stone_axe":1,"botania:orange_mystical_flower":4,"qualitycrops:cod_iron":3,"alexscaves:cave_map":1,"pineapple_delight:pineapple_crop":9,"minecraft:pink_dye":3,"minecraft:hopper":6,"minecraft:ender_pearl":6,"minecraft:wheat":7,"alexscaves:cave_tablet":1,"minecraft:stone_brick_stairs":1,"minecraft:raw_copper":126,"minecraft:smooth_stone_slab":10,"minecraft:zombie_head":2,"minecraft:smooth_stone":1,"farmersdelight:cabbage":38,"minecraft:bucket":1,"delightful:acorn":4,"minecraft:rose_bush":1,"minecraft:azalea":5,"farmersdelight:pasta_with_meatballs":1,"minecraft:iron_pickaxe":5,"delightful:green_tea_leaf":4,"farmersdelight:cabbage_seeds":120,"minecraft:iron_boots":1,"minecraft:furnace":5,"qualitycrops:sugar_cane_iron":4,"botania:lexicon":1,"minecraft:stick":19,"farmersdelight:rotten_tomato":1,"minecraft:torch":261,"botania:black_mushroom":6,"minecraft:porkchop":8,"tombstone:grave_dust":12,"supplementaries:flax":7,"ae2:sky_stone_block":17,"farmersdelight:tomato_crate":3,"minecraft:rotten_flesh":130,"butchersdelightfoods:ham":9,"qualitycrops:glow_berries_gold":1,"minecraft:obsidian":8,"minecraft:cod":3,"minecraft:cobblestone":181,"farmersdelight:onion_crate":1,"minecraft:lilac":9,"corn_delight:corn":2,"minecraft:potato":6,"alexsmobs:bear_fur":3,"minecraft:tuff":4,"supplementaries:flax_seeds":43,"butchersdelightfoods:llama_leg":5,"butchersdelight:goat_fur":7,"minecraft:lapis_lazuli":336,"minecraft:dirt":440,"minecraft:glass":26,"minecraft:bone":143,"butchersdelightfoods:cookedbeefribs":1,"minecraft:wheat_seeds":34,"botania:pink_mystical_flower":4,"minecraft:raw_gold":88,"botania:purple_mystical_flower":1,"ae2:logic_processor_press":1,"minecraft:mossy_stone_bricks":4,"ironfurnaces:iron_furnace":4,"minecraft:oak_planks":86,"botania:gray_mystical_flower":14,"minecraft:cooked_porkchop":2,"botania:pink_petal":14,"butchersdelight:cow_hide":8,"minecraft:sand":67,"minecraft:lily_of_the_valley":6,"minecraft:grass_block":1,"minecraft:cyan_bed":1,"farmersdelight:ham":8,"butchersdelightfoods:beefribs":8,"ae2:quartz_block":2,"minecraft:mossy_cobblestone":1,"minecraft:sugar":1,"minecraft:diamond":70,"minecraft:spruce_sign":1,"butchersdelight:deadllama":6,"minecraft:emerald":110,"butchersdelight:hook":6,"butchersdelightfoods:sheepshank":7,"minecraft:oak_sapling":18,"minecraft:netherrack":3,"minecraft:charcoal":2,"minecraft:allium":88,"minecraft:chicken":2,"botania:white_mushroom":9,"minecraft:brown_mushroom":16,"farmersdelight:tomato_sauce":2,"minecraft:gold_block":5,"minecraft:brick":42,"minecraft:iron_axe":5,"miners_delight:cave_carrot":10,"botania:magenta_mystical_flower":5,"butchersdelightfoods:cookedporkribs":1,"minecraft:blackstone":212,"butchersdelightfoods:sheeploin":8,"minecraft:light_gray_wool":1,"minecraft:sugar_cane":73,"butchersdelightfoods:porkribs":10,"minecraft:phantom_membrane":1,"minecraft:raw_iron":227,"qualitycrops:sweet_berries_gold":4,"qualitycrops:sugar_cane_gold":6,"minecraft:copper_ingot":10,"botania:lime_double_flower":3,"qualitycrops:egg_diamond":1,"corn_delight:corn_seeds":17,"minecraft:arrow":25,"botania:lime_mystical_flower":4,"ae2:certus_quartz_dust":6,"alexscaves:spelunkery_table":1,"miners_delight:bat_wing":2,"ae2:calculation_processor_press":1,"minecraft:leather":5,"minecraft:birch_planks":346,"artifacts:cloud_in_a_bottle":1,"minecraft:gunpowder":3,"minecraft:cobblestone_stairs":2,"botania:black_mystical_flower":20,"qualitycrops:glow_berries_iron":3,"minecraft:iron_ingot":112,"artifacts:whoopee_cushion":2,"minecraft:book":3,"minecraft:dandelion":3,"minecraft:amethyst_shard":2,"minecraft:spider_eye":3,"minecraft:spruce_door":2,"butchersdelight:sheephide":15,"ironfurnaces:copper_furnace":1,"minecraft:iron_helmet":1,"minecraft:mossy_cobblestone_stairs":4,"ae2:engineering_processor_press":1,"tombstone:magic_scroll":2,"minecraft:damaged_anvil":2,"farmersdelight:stove":1,"minecraft:coal":675},"minecraft:dropped":{"farmersdelight:hamburger":2,"farmersdelight:iron_knife":1,"botania:pink_petal":7,"minecraft:diamond":35,"minecraft:glow_berries":4,"artifacts:cloud_in_a_bottle":1,"travelersbackpack:iron_tier_upgrade":1,"minecraft:emerald":16,"minecraft:gold_block":2,"minecraft:dirt":10,"alexsmobs:flying_fish":7,"botania:light_gray_mushroom":1,"botania:light_blue_mushroom":2,"artifacts:charm_of_sinking":2,"minecraft:wooden_sword":1,"minecraft:sand":2,"minecraft:iron_pickaxe":6,"minecraft:white_wool":1,"minecraft:bone":41,"minecraft:oak_door":4,"botania:lime_double_flower":1,"botania:white_mushroom":4,"minecraft:iron_nugget":42,"minecraft:birch_sapling":1,"alexscaves:cave_tablet":1,"minecraft:pink_dye":1,"farmersdelight:cabbage":5,"minecraft:rotten_flesh":8,"minecraft:oak_planks":54,"corn_delight:corn_seeds":2,"botania:black_mushroom":2,"supplementaries:flax_seeds":8,"butchersdelightfoods:cookedporkribs":7,"butchersdelightfoods:cookedbeefribs":1,"butchersdelight:hook":3,"minecraft:glass":4,"minecraft:beef":2,"botania:black_lotus":1,"botania:lime_mushroom":1,"farmersdelight:tomato_seeds":10,"minecraft:enchanted_book":2,"minecraft:iron_ingot":31,"minecraft:wheat_seeds":9,"butchersdelight:sheephide":4,"farmersdelight:skillet":1,"minecraft:feather":1,"minecraft:cobblestone":22,"minecraft:iron_helmet":2,"botania:gray_mystical_flower":3,"artifacts:whoopee_cushion":1,"qualitycrops:glow_berries_iron":3,"minecraft:spruce_door":1,"qualitycrops:sweet_berries_gold":3,"minecraft:coal":206,"travelersbackpack:creeper":1,"minecraft:wooden_axe":2,"minecraft:dead_bush":1,"delightful:acorn":2,"minecraft:oak_stairs":9,"minecraft:mossy_cobblestone_stairs":1,"minecraft:string":3,"butchersdelight:deadpig":1,"minecraft:paper":1,"delightful:salmonberries":2,"butchersdelight:goat_fur":2,"qualitysdelight:onion_iron":1,"minecraft:stone_sword":1,"butchersdelightfoods:porkribs":2,"butchersdelightfoods:cooked_sheeploin":1,"minecraft:clay_ball":1,"minecraft:iron_boots":1,"ironfurnaces:iron_furnace":1,"minecraft:shears":2,"minecraft:lily_of_the_valley":6,"minecraft:diamond_sword":1,"minecraft:potato":6,"miners_delight:cave_carrot":10,"minecraft:allium":41,"delightful:nut_butter_bottle":1,"minecraft:bundle":2,"minecraft:spruce_planks":43,"minecraft:wooden_shovel":1,"alexsmobs:shark_tooth":1,"qualitycrops:mutton_iron":1,"pineapple_delight:pineapple":1,"minecraft:moss_block":13,"minecraft:birch_planks":126,"butchersdelightfoods:cooked_ham":3,"minecraft:oak_log":31,"botania:black_mystical_flower":5,"botania:cyan_petal":2,"qualitycrops:cooked_cod_iron":1,"minecraft:leather":1,"botania:red_mushroom":1,"travelersbackpack:standard":1,"farmersdelight:rice":10,"minecraft:cod":3,"minecraft:mutton":1,"farmersdelight:onion":10,"alexscaves:cave_map":1,"minecraft:amethyst_shard":1,"minecraft:birch_log":55,"minecraft:gold_ingot":13,"qualitycrops:cooked_mutton_gold":2,"minecraft:gravel":1,"delightful:cantaloupe_slice":3,"minecraft:blackstone":70,"botania:purple_mystical_flower":1,"minecraft:diamond_shovel":1,"minecraft:poppy":6,"minecraft:gunpowder":1,"minecraft:birch_trapdoor":2,"minecraft:beetroot_seeds":3,"minecraft:chest":3,"botania:blue_mystical_flower":1,"minecraft:arrow":5,"minecraft:netherrack":1,"minecraft:water_bucket":6,"minecraft:stripped_spruce_log":5,"minecraft:lilac":4,"minecraft:copper_ingot":9,"minecraft:stick":11,"minecraft:torch":64,"minecraft:zombie_head":1,"qualitysdelight:cabbage_diamond":1,"minecraft:iron_leggings":1,"minecraft:flowering_azalea":3,"minecraft:iron_axe":7,"minecraft:dandelion":2,"minecraft:smooth_basalt":1,"botania:purple_mushroom":2,"minecraft:kelp":5,"minecraft:raw_copper":35,"minecraft:tuff":4,"minecraft:raw_iron":75,"farmersdelight:cabbage_seeds":9,"farmersdelight:tomato_sauce":2,"botania:pink_mushroom":3,"alexsmobs:lobster_tail":1,"minecraft:iron_chestplate":1,"minecraft:mossy_stone_bricks":4,"minecraft:golden_leggings":1,"minecraft:oak_sapling":2,"minecraft:spruce_log":42,"botania:pink_mystical_flower":2,"minecraft:stone_pickaxe":1,"minecraft:wooden_pickaxe":1}},"DataVersion":3465}