{"stats":{"minecraft:dropped":{"farmersdelight:hamburger":2,"farmersdelight:iron_knife":1,"minecraft:iron_sword":1,"minecraft:porkchop":3,"minecraft:lapis_lazuli":22,"minecraft:cooked_beef":2,"botania:pink_petal":7,"minecraft:diamond":35,"minecraft:cooked_porkchop":3,"minecraft:glow_berries":4,"artifacts:cloud_in_a_bottle":1,"travelersbackpack:iron_tier_upgrade":1,"minecraft:emerald":16,"minecraft:gold_block":2,"minecraft:dirt":10,"butchersdelightfoods:cookedsheeprack":1,"alexsmobs:flying_fish":7,"botania:light_gray_mushroom":1,"botania:light_blue_mushroom":2,"artifacts:charm_of_sinking":2,"minecraft:wooden_sword":1,"minecraft:sand":2,"minecraft:iron_pickaxe":6,"minecraft:white_wool":1,"minecraft:bone":43,"minecraft:oak_door":4,"minecraft:sugar_cane":1,"botania:lime_double_flower":1,"botania:white_mushroom":4,"minecraft:iron_nugget":50,"minecraft:cooked_chicken":1,"minecraft:birch_sapling":1,"alexscaves:cave_tablet":1,"minecraft:pink_dye":1,"farmersdelight:cabbage":5,"minecraft:rotten_flesh":8,"minecraft:oak_planks":54,"corn_delight:corn_seeds":2,"botania:black_mushroom":2,"supplementaries:flax_seeds":8,"butchersdelightfoods:cookedporkribs":10,"butchersdelightfoods:cookedbeefribs":1,"butchersdelight:hook":3,"minecraft:glass":4,"minecraft:beef":2,"botania:black_lotus":1,"botania:lime_mushroom":1,"farmersdelight:tomato_seeds":10,"minecraft:enchanted_book":2,"minecraft:iron_ingot":37,"minecraft:wheat_seeds":10,"butchersdelight:sheephide":4,"farmersdelight:skillet":1,"butchersdelightfoods:cooked_llama_leg":2,"minecraft:feather":1,"minecraft:cobblestone":22,"minecraft:iron_helmet":2,"botania:gray_mystical_flower":3,"artifacts:whoopee_cushion":3,"qualitycrops:glow_berries_iron":3,"minecraft:spruce_door":1,"qualitycrops:sweet_berries_gold":3,"minecraft:coal":206,"travelersbackpack:creeper":1,"minecraft:wooden_hoe":1,"minecraft:wooden_axe":2,"minecraft:diamond_helmet":1,"minecraft:potion":1,"minecraft:dead_bush":1,"delightful:acorn":2,"minecraft:oak_stairs":9,"minecraft:mossy_cobblestone_stairs":1,"minecraft:string":3,"butchersdelight:deadpig":1,"minecraft:paper":1,"delightful:salmonberries":2,"butchersdelight:goat_fur":2,"qualitysdelight:onion_iron":1,"minecraft:stone_sword":1,"minecraft:diamond_hoe":2,"butchersdelightfoods:porkribs":5,"minecraft:chicken":3,"butchersdelightfoods:cooked_sheeploin":2,"minecraft:clay_ball":1,"minecraft:iron_boots":1,"ironfurnaces:iron_furnace":1,"minecraft:shears":2,"qualitycrops:cooked_mutton_iron":1,"minecraft:lily_of_the_valley":6,"minecraft:diamond_sword":1,"minecraft:potato":6,"miners_delight:cave_carrot":10,"minecraft:allium":41,"delightful:nut_butter_bottle":1,"minecraft:bundle":2,"minecraft:spruce_planks":43,"minecraft:diamond_pickaxe":1,"minecraft:wooden_shovel":1,"farmersdelight:ham":5,"alexsmobs:shark_tooth":1,"qualitycrops:mutton_iron":1,"pineapple_delight:pineapple":1,"minecraft:moss_block":13,"minecraft:brown_mushroom":1,"minecraft:birch_planks":126,"butchersdelightfoods:cooked_ham":5,"minecraft:oak_log":31,"botania:black_mystical_flower":5,"botania:cyan_petal":2,"qualitycrops:cooked_cod_iron":1,"minecraft:leather":1,"botania:red_mushroom":1,"travelersbackpack:standard":1,"farmersdelight:rice":10,"minecraft:cod":3,"butchersdelightfoods:cookedporkloin":2,"minecraft:mutton":1,"farmersdelight:onion":10,"alexscaves:cave_map":1,"minecraft:amethyst_shard":1,"minecraft:birch_log":55,"minecraft:gold_ingot":13,"qualitycrops:cooked_mutton_gold":3,"minecraft:gravel":2,"delightful:cantaloupe_slice":3,"minecraft:blackstone":70,"botania:purple_mystical_flower":1,"minecraft:diamond_shovel":1,"minecraft:cooked_mutton":1,"minecraft:poppy":6,"minecraft:leather_chestplate":5,"supplementaries:ash":2,"minecraft:gunpowder":1,"minecraft:birch_trapdoor":2,"minecraft:beetroot_seeds":3,"minecraft:chest":3,"botania:blue_mystical_flower":1,"minecraft:arrow":5,"minecraft:netherrack":1,"minecraft:water_bucket":7,"minecraft:stripped_spruce_log":5,"butchersdelightfoods:porkloin":3,"minecraft:lilac":4,"minecraft:diamond_leggings":1,"minecraft:copper_ingot":9,"minecraft:stick":11,"minecraft:torch":64,"minecraft:zombie_head":1,"qualitysdelight:cabbage_diamond":1,"minecraft:iron_leggings":2,"minecraft:flowering_azalea":3,"minecraft:iron_axe":7,"minecraft:bucket":1,"minecraft:dandelion":2,"minecraft:smooth_basalt":1,"botania:purple_mushroom":2,"minecraft:kelp":5,"minecraft:sweet_berries":34,"minecraft:raw_copper":35,"minecraft:tuff":4,"minecraft:raw_iron":75,"farmersdelight:cabbage_seeds":9,"farmersdelight:tomato_sauce":2,"butchersdelightfoods:cookedsheepshank":1,"qualitycrops:egg_diamond":1,"botania:pink_mushroom":3,"minecraft:filled_map":2,"alexsmobs:lobster_tail":1,"minecraft:diamond_chestplate":1,"minecraft:iron_chestplate":2,"minecraft:mossy_stone_bricks":4,"minecraft:golden_leggings":1,"minecraft:oak_sapling":2,"butchersdelightfoods:ham":3,"minecraft:diamond_boots":1,"minecraft:spruce_log":42,"botania:pink_mystical_flower":2,"minecraft:stone_pickaxe":2,"minecraft:wooden_pickaxe":1},"minecraft:killed_by":{"minecraft:skeleton":1},"minecraft:picked_up":{"minecraft:wooden_axe":1,"qualitycrops:wheat_gold":1,"minecraft:iron_chestplate":2,"farmersdelight:birch_cabinet":1,"butchersdelightfoods:legcow":8,"minecraft:flower_pot":1,"butchersdelightfoods:llamma_ribs":5,"minecraft:smithing_table":1,"minecraft:diamond_sword":1,"minecraft:oak_stairs":71,"minecraft:enchanted_book":6,"minecraft:brewing_stand":1,"botania:light_blue_mushroom":7,"butchersdelightfoods:llama_loin":5,"minecraft:string":12,"qualitycrops:sweet_berries_iron":3,"travelersbackpack:creeper":3,"botania:light_gray_double_flower":1,"minecraft:cobbled_deepslate":98,"minecraft:spruce_planks":116,"minecraft:sheaf_pottery_sherd":1,"minecraft:big_dripleaf":1,"alexsmobs:centipede_leg":2,"botania:manasteel_ingot":2,"qualitysdelight:onion_iron":1,"farmersdelight:onion":34,"minecraft:blue_dye":1,"supplementaries:ash":177,"qualitysdelight:cabbage_gold":1,"alexsmobs:lobster_tail":3,"alexsmobs:flying_fish":8,"minecraft:birch_log":157,"botania:cyan_mushroom":2,"minecraft:magma_block":3,"minecraft:mossy_cobblestone_slab":1,"butchersdelightfoods:beeftenderloin":8,"minecraft:feather":12,"farmersdelight:rice":10,"minecraft:water_bucket":4,"farmersdelight:safety_net":6,"butchersdelight:deadpig":15,"delightful:cantaloupe":9,"minecraft:magenta_bed":2,"butchersdelightfoods:cookedporkloin":3,"farmersdelight:tomato":24,"supplementaries:doormat":4,"butchersdelightfoods:cookedsheeprack":6,"minecraft:moss_block":42,"butchersdelightfoods:cooked_llama_leg":1,"botania:red_mystical_flower":2,"botania:gray_double_flower":2,"miners_delight:gossypium":7,"qualitycrops:mutton_gold":2,"qualitysdelight:cabbage_iron":4,"alexsmobs:shark_tooth":1,"butchersdelight:skullcow":12,"qualitycrops:sugar_cane_diamond":4,"butchersdelightfoods:porkloin":12,"minecraft:stripped_spruce_log":9,"minecraft:ink_sac":1,"alexsmobs:animal_dictionary":1,"minecraft:bundle":5,"minecraft:polished_andesite":37,"minecraft:angler_pottery_sherd":1,"qualitycrops:apple_diamond":1,"alexsmobs:maggot":3,"minecraft:shelter_pottery_sherd":1,"minecraft:crafting_table":12,"minecraft:clay_ball":240,"ae2:silicon_press":1,"qualitycrops:mutton_iron":6,"minecraft:iron_shovel":1,"butchersdelight:dead_cow":12,"minecraft:cracked_stone_bricks":2,"minecraft:beef":8,"minecraft:iron_nugget":132,"minecraft:poppy":6,"ironfurnaces:diamond_furnace":2,"minecraft:chest":14,"minecraft:birch_sapling":1,"minecraft:diamond_hoe":1,"minecraft:egg":1,"minecraft:sandstone":4,"minecraft:oak_door":2,"farmersdelight:cabbage_crate":1,"artifacts:charm_of_sinking":3,"farmersdelight:minced_beef":2,"botania:purple_mushroom":7,"ironchest:iron_chest":6,"butchersdelightfoods:cooked_llama_ribs":2,"farmersdelight:tomato_seeds":31,"botania:pink_mushroom":6,"minecraft:carrot":3,"minecraft:redstone":19,"botania:black_lotus":3,"butchersdelight:deadsheep":13,"minecraft:beetroot_seeds":3,"minecraft:decorated_pot":2,"ironfurnaces:gold_furnace":1,"minecraft:shears":1,"farmersdelight:hamburger":1,"botania:blue_mystical_flower":8,"tombstone:essence_of_undeath":2,"butchersdelightfoods:sheeprack":11,"minecraft:gold_ingot":38,"minecraft:glow_berries":28,"botania:green_mystical_flower":9,"minecraft:mutton":19,"qualitysdelight:cabbage_diamond":1,"minecraft:white_wool":18,"minecraft:red_mushroom":1,"minecraft:filled_map":1,"botania:light_gray_mushroom":3,"minecraft:oak_log":145,"qualitycrops:cooked_mutton_gold":1,"botania:red_mushroom":7,"miners_delight:copper_pot":2,"minecraft:paper":1,"tombstone:gift":1,"butchersdelight:deadchiken":11,"qualitycrops:apple_iron":1,"farmersdelight:cooking_pot":2,"minecraft:kelp":10,"minecraft:spore_blossom":1,"pineapple_delight:pineapple":3,"botania:cyan_petal":6,"minecraft:iron_sword":1,"minecraft:flowering_azalea":3,"minecraft:polished_andesite_stairs":3,"minecraft:smooth_basalt":1,"alexsmobs:fish_bones":1,"minecraft:sweet_berries":35,"minecraft:gravel":2,"minecraft:spruce_sapling":1,"delightful:salmonberries":9,"botania:lime_mushroom":3,"minecraft:spruce_log":180,"minecraft:crying_obsidian":1,"farmersdelight:cabbage_leaf":2,"minecraft:snort_pottery_sherd":1,"minecraft:stone_axe":1,"botania:orange_mystical_flower":4,"qualitycrops:cod_iron":3,"alexscaves:cave_map":1,"pineapple_delight:pineapple_crop":9,"minecraft:pink_dye":3,"minecraft:hopper":6,"minecraft:ender_pearl":6,"minecraft:wheat":7,"alexscaves:cave_tablet":1,"minecraft:stone_brick_stairs":1,"minecraft:raw_copper":126,"minecraft:smooth_stone_slab":12,"minecraft:zombie_head":2,"minecraft:smooth_stone":1,"farmersdelight:cabbage":38,"minecraft:bucket":1,"delightful:acorn":4,"minecraft:rose_bush":1,"minecraft:azalea":5,"farmersdelight:pasta_with_meatballs":1,"minecraft:iron_pickaxe":5,"delightful:green_tea_leaf":4,"farmersdelight:cabbage_seeds":121,"minecraft:iron_boots":1,"minecraft:furnace":5,"qualitycrops:sugar_cane_iron":8,"botania:lexicon":1,"minecraft:stick":19,"farmersdelight:rotten_tomato":1,"minecraft:torch":296,"botania:black_mushroom":6,"minecraft:porkchop":12,"tombstone:grave_dust":17,"supplementaries:flax":7,"ae2:sky_stone_block":17,"farmersdelight:tomato_crate":3,"minecraft:rotten_flesh":136,"butchersdelightfoods:ham":13,"qualitycrops:glow_berries_gold":1,"minecraft:spruce_hanging_sign":1,"minecraft:obsidian":13,"minecraft:cod":3,"minecraft:cobblestone":318,"minecraft:leather_chestplate":2,"farmersdelight:onion_crate":1,"minecraft:lilac":9,"corn_delight:corn":2,"minecraft:potato":6,"alexsmobs:bear_fur":3,"minecraft:tuff":4,"supplementaries:flax_seeds":45,"butchersdelightfoods:llama_leg":5,"butchersdelight:goat_fur":7,"minecraft:lapis_lazuli":348,"minecraft:dirt":440,"minecraft:glass":26,"minecraft:bone":154,"butchersdelightfoods:cookedbeefribs":1,"minecraft:wheat_seeds":35,"botania:pink_mystical_flower":4,"minecraft:raw_gold":88,"botania:purple_mystical_flower":1,"ae2:logic_processor_press":1,"minecraft:mossy_stone_bricks":4,"ironfurnaces:iron_furnace":4,"minecraft:oak_planks":86,"botania:gray_mystical_flower":14,"minecraft:cooked_porkchop":2,"botania:pink_petal":14,"butchersdelight:cow_hide":8,"minecraft:sand":114,"minecraft:lily_of_the_valley":6,"minecraft:grass_block":1,"minecraft:cyan_bed":1,"farmersdelight:ham":12,"butchersdelightfoods:beefribs":8,"ae2:quartz_block":2,"minecraft:mossy_cobblestone":1,"minecraft:sugar":1,"minecraft:spruce_boat":1,"minecraft:diamond":81,"minecraft:spruce_sign":2,"butchersdelight:deadllama":6,"minecraft:emerald":117,"butchersdelight:hook":6,"butchersdelightfoods:sheepshank":11,"minecraft:oak_sapling":18,"minecraft:netherrack":3,"minecraft:charcoal":2,"minecraft:allium":88,"minecraft:chicken":5,"botania:white_mushroom":9,"minecraft:brown_mushroom":16,"farmersdelight:tomato_sauce":4,"minecraft:gold_block":8,"minecraft:brick":42,"minecraft:iron_axe":5,"miners_delight:cave_carrot":10,"botania:magenta_mystical_flower":5,"butchersdelightfoods:cookedporkribs":1,"minecraft:blackstone":212,"butchersdelightfoods:sheeploin":12,"minecraft:light_gray_wool":1,"minecraft:sugar_cane":104,"butchersdelightfoods:porkribs":14,"minecraft:phantom_membrane":1,"minecraft:raw_iron":250,"qualitycrops:sweet_berries_gold":5,"qualitycrops:sugar_cane_gold":6,"minecraft:copper_ingot":10,"botania:lime_double_flower":3,"qualitycrops:egg_diamond":2,"corn_delight:corn_seeds":17,"minecraft:arrow":25,"botania:lime_mystical_flower":4,"ae2:certus_quartz_dust":6,"alexscaves:spelunkery_table":1,"miners_delight:bat_wing":2,"ae2:calculation_processor_press":1,"minecraft:leather":5,"minecraft:birch_planks":346,"artifacts:cloud_in_a_bottle":1,"minecraft:gunpowder":3,"minecraft:cobblestone_stairs":2,"botania:black_mystical_flower":20,"qualitycrops:glow_berries_iron":3,"minecraft:iron_ingot":112,"artifacts:whoopee_cushion":4,"farmersdelight:dumplings":4,"minecraft:book":3,"minecraft:dandelion":3,"minecraft:amethyst_shard":2,"minecraft:spider_eye":3,"minecraft:spruce_door":2,"qualitycrops:sweet_berries_diamond":3,"butchersdelight:sheephide":19,"ironfurnaces:copper_furnace":1,"minecraft:iron_helmet":1,"minecraft:mossy_cobblestone_stairs":4,"ae2:engineering_processor_press":1,"tombstone:magic_scroll":2,"minecraft:damaged_anvil":2,"farmersdelight:stove":1,"minecraft:coal":718},"minecraft:killed":{"alexsmobs:lobster":3,"minecraft:cod":3,"minecraft:skeleton":41,"alexsmobs:skelewag":1,"minecraft:zombie":134,"minecraft:glow_squid":1,"alexsmobs:raccoon":1,"alexsmobs:seagull":1,"minecraft:wandering_trader":1,"minecraft:enderman":6,"minecraft:witch":1,"minecraft:spider":19,"artifacts:mimic":3,"minecraft:wolf":1,"alexsmobs:grizzly_bear":2,"minecraft:creeper":8,"minecraft:sheep":11,"alexsmobs:fly":2,"alexsmobs:sugar_glider":1,"minecraft:phantom":3,"minecraft:drowned":1,"alexsmobs:flying_fish":4,"alexsmobs:crow":1},"minecraft:broken":{"minecraft:iron_boots":1,"minecraft:iron_chestplate":1,"minecraft:iron_leggings":1,"minecraft:iron_sword":1,"minecraft:iron_axe":4,"minecraft:iron_pickaxe":2,"minecraft:iron_helmet":1,"minecraft:golden_helmet":1,"minecraft:iron_shovel":1,"minecraft:stone_pickaxe":1,"minecraft:stone_axe":3},"minecraft:mined":{"botania:red_mystical_flower":2,"minecraft:obsidian":8,"botania:light_blue_mushroom":1,"minecraft:hopper":7,"minecraft:spawner":9,"minecraft:magma_block":4,"minecraft:mossy_cobblestone_stairs":3,"minecraft:fire":4,"minecraft:cobbled_deepslate":5,"minecraft:barrel":1,"minecraft:moss_carpet":8,"minecraft:deepslate_lapis_ore":19,"minecraft:cave_vines":30,"minecraft:oak_stairs":54,"minecraft:pink_tulip":1,"farmersdelight:wild_potatoes":6,"ae2:large_quartz_bud":1,"botania:green_mystical_flower":9,"minecraft:brown_mushroom":18,"minecraft:potted_brown_mushroom":1,"minecraft:kelp_plant":5,"ironfurnaces:iron_furnace":2,"ironfurnaces:copper_furnace":1,"minecraft:torch":65,"farmersdelight:cabbage_crate":1,"minecraft:polished_andesite_stairs":3,"minecraft:spruce_wall_sign":2,"farmersdelight:cabbages":51,"minecraft:cyan_bed":1,"minecraft:sugar_cane":58,"minecraft:damaged_anvil":2,"botania:black_mystical_flower":4,"minecraft:amethyst_block":20,"minecraft:wheat":7,"minecraft:magenta_bed":2,"pineapple_delight:pineapple_crop":3,"minecraft:lilac":13,"minecraft:jukebox":1,"minecraft:stone_brick_stairs":1,"minecraft:grass":103,"butchersdelight:hook":3,"ae2:small_quartz_bud":5,"minecraft:smooth_basalt":4,"minecraft:deepslate":167,"minecraft:suspicious_gravel":1,"travelersbackpack:creeper":1,"minecraft:mossy_cobblestone":1,"farmersdelight:wild_carrots":1,"botania:red_mushroom":4,"butchersdelight:deadsheepblock":1,"minecraft:allium":10,"delightful:cantaloupe_plant":2,"farmersdelight:wild_cabbages":24,"minecraft:moss_block":48,"butchersdelight:deadpigblock":1,"minecraft:kelp":3,"farmersdelight:wild_onions":27,"botania:magenta_mystical_flower":5,"supplementaries:flax":7,"pineapple_delight:pineapple_wild_crop":1,"minecraft:rail":2,"ironchest:iron_chest":6,"butchersdelight:skullcow":2,"ae2:sky_stone_block":14,"minecraft:white_wool":4,"farmersdelight:birch_cabinet":1,"minecraft:smithing_table":1,"botania:lime_mystical_flower":4,"minecraft:lily_of_the_valley":2,"minecraft:dandelion":3,"minecraft:emerald_ore":1,"botania:pink_mushroom":1,"minecraft:campfire":2,"minecraft:tall_grass":22,"minecraft:copper_ore":14,"minecraft:deepslate_gold_ore":27,"minecraft:big_dripleaf":5,"supplementaries:doormat":4,"minecraft:spruce_log":180,"minecraft:birch_leaves":7,"minecraft:zombie_head":1,"minecraft:gravel":1,"minecraft:cobweb":2,"botania:gray_mystical_flower":5,"minecraft:gold_ore":9,"minecraft:fern":34,"miners_delight:wild_cave_carrots":7,"minecraft:large_amethyst_bud":1,"minecraft:spruce_planks":51,"corn_delight:wild_corn":9,"minecraft:cobblestone_stairs":2,"farmersdelight:tomato_crate":3,"minecraft:brewing_stand":1,"minecraft:cave_vines_plant":17,"minecraft:budding_amethyst":2,"minecraft:grass_block":235,"minecraft:smooth_stone":1,"minecraft:mossy_cobblestone_slab":1,"ironfurnaces:gold_furnace":1,"minecraft:iron_ore":61,"minecraft:azalea":6,"corn_delight:corn_crop":3,"minecraft:deepslate_redstone_ore":6,"botania:orange_mystical_flower":5,"minecraft:blackstone":123,"minecraft:clay":56,"minecraft:light_gray_terracotta":1,"minecraft:calcite":2,"minecraft:poppy":1,"minecraft:chest":9,"farmersdelight:safety_net":6,"minecraft:cobblestone":102,"botania:blue_mystical_flower":5,"minecraft:oak_planks":30,"minecraft:wall_torch":139,"minecraft:seagrass":1,"farmersdelight:sandy_shrub":12,"minecraft:birch_log":158,"delightful:cantaloupe":7,"minecraft:smooth_stone_slab":13,"ae2:quartz_block":2,"minecraft:oak_log":125,"botania:gray_double_flower":2,"minecraft:sand":131,"minecraft:dirt":132,"minecraft:netherrack":3,"minecraft:oak_leaves":18,"alexscaves:spelunkery_table":1,"minecraft:tuff":7,"farmersdelight:onions":1,"minecraft:deepslate_diamond_ore":50,"minecraft:oak_door":2,"minecraft:decorated_pot":3,"minecraft:spruce_leaves":8,"minecraft:sandstone":6,"minecraft:large_fern":15,"botania:purple_mushroom":1,"minecraft:spore_blossom":1,"minecraft:furnace":5,"botania:white_mushroom":3,"minecraft:stripped_spruce_log":4,"ae2:mysterious_cube":1,"minecraft:peony":1,"minecraft:gold_block":5,"minecraft:bookshelf":1,"minecraft:deepslate_iron_ore":79,"minecraft:stripped_oak_log":1,"butchersdelight:deadllamablock":1,"minecraft:stone":301,"farmersdelight:cooking_pot":2,"minecraft:flowering_azalea":13,"minecraft:spruce_door":2,"minecraft:crafting_table":10,"minecraft:rose_bush":1,"farmersdelight:onion_crate":1,"minecraft:lapis_ore":15,"delightful:wild_salmonberries":12,"butchersdelight:deadchickenblock":1,"supplementaries:urn":70,"botania:pink_mystical_flower":5,"farmersdelight:wild_beetroots":1,"minecraft:birch_planks":267,"ironfurnaces:diamond_furnace":4,"butchersdelight:deadcowblock":1,"minecraft:sweet_berry_bush":1,"minecraft:coal_ore":177,"farmersdelight:stove":1,"minecraft:cracked_stone_bricks":2,"minecraft:polished_andesite":45,"minecraft:small_dripleaf":3,"minecraft:mossy_stone_bricks":1,"miners_delight:copper_pot":2},"minecraft:crafted":{"minecraft:birch_slab":12,"ironfurnaces:iron_furnace":1,"minecraft:diamond_shovel":1,"ironfurnaces:diamond_furnace":1,"butchersdelightfoods:cooked_leg_cow":3,"minecraft:glass":9,"minecraft:diamond_helmet":2,"minecraft:diamond_leggings":2,"minecraft:iron_door":6,"minecraft:glass_bottle":3,"minecraft:wooden_shovel":2,"minecraft:cooked_porkchop":1,"minecraft:diamond_axe":1,"farmersdelight:iron_knife":1,"farmersdelight:cabbage_crate":8,"travelersbackpack:standard":3,"minecraft:spruce_door":6,"minecraft:smithing_table":1,"minecraft:copper_ingot":9,"minecraft:campfire":1,"qualitycrops:cooked_mutton_iron":1,"minecraft:golden_leggings":1,"minecraft:wooden_hoe":1,"minecraft:iron_pickaxe":6,"minecraft:gold_ingot":19,"minecraft:iron_nugget":90,"minecraft:diamond_hoe":1,"butchersdelightfoods:cookedsheepshank":1,"minecraft:bone_meal":6,"butchersdelightfoods:cookedbeefribs":2,"ironfurnaces:emerald_furnace":1,"minecraft:spruce_stairs":12,"travelersbackpack:white_sleeping_bag":2,"farmersdelight:birch_cabinet":2,"minecraft:stone_pickaxe":3,"minecraft:diamond_boots":2,"minecraft:golden_helmet":1,"farmersdelight:hamburger":1,"farmersdelight:onion_crate":1,"minecraft:enchanting_table":1,"butchersdelightfoods:coockedbeeftenderloin":3,"minecraft:birch_trapdoor":6,"minecraft:wooden_axe":1,"minecraft:oak_stairs":36,"minecraft:iron_shovel":1,"minecraft:iron_leggings":2,"delightful:cantaloupe_slice":3,"minecraft:oak_planks":308,"qualitycrops:cooked_cod_iron":3,"minecraft:cooked_chicken":1,"butchersdelightfoods:cooked_ham":3,"minecraft:spruce_pressure_plate":4,"farmersdelight:safety_net":3,"minecraft:hopper":2,"minecraft:iron_boots":2,"tombstone:grave_key":1,"butchersdelightfoods:cookedporkribs":1,"minecraft:chest":19,"farmersdelight:tomato_seeds":1,"minecraft:crafting_table":14,"minecraft:spruce_planks":288,"minecraft:baked_potato":5,"minecraft:wooden_pickaxe":1,"minecraft:iron_helmet":2,"minecraft:gold_block":9,"butchersdelight:cleaver":2,"minecraft:birch_planks":380,"farmersdelight:skillet":1,"farmersdelight:cutting_board":1,"minecraft:book":1,"minecraft:iron_chestplate":2,"minecraft:paper":12,"minecraft:diamond_pickaxe":3,"minecraft:birch_fence":15,"minecraft:stick":132,"minecraft:iron_ingot":88,"minecraft:stone_sword":1,"miners_delight:copper_cup":1,"minecraft:shears":2,"minecraft:wooden_sword":1,"minecraft:oak_door":6,"ironfurnaces:gold_furnace":1,"minecraft:furnace":3,"supplementaries:doormat":2,"alexscaves:cave_map":1,"farmersdelight:tomato_crate":4,"minecraft:iron_axe":6,"minecraft:cooked_cod":7,"minecraft:diamond_sword":1,"minecraft:spruce_sign":6,"butchersdelight:hook":15,"travelersbackpack:backpack_tank":4,"minecraft:iron_sword":1,"minecraft:bowl":12,"minecraft:bucket":2,"miners_delight:copper_pot":1,"minecraft:stone_axe":4,"minecraft:bread":1,"minecraft:air":0,"ironfurnaces:copper_furnace":1,"minecraft:white_wool":1,"minecraft:raw_gold":54,"delightful:salmonberry_pips":1,"minecraft:torch":104,"butchersdelightfoods:cookedporkloin":3,"minecraft:lapis_lazuli":45,"minecraft:lapis_block":32,"minecraft:diamond_chestplate":2,"ironchest:iron_chest":2},"minecraft:used":{"minecraft:moss_block":14,"farmersdelight:onion_crate":2,"farmersdelight:cabbage_seeds":8,"minecraft:chest":23,"farmersdelight:cabbage":2,"minecraft:rotten_flesh":22,"minecraft:allium":3,"ironchest:iron_chest":8,"minecraft:spruce_boat":1,"minecraft:polished_andesite_stairs":2,"qualitycrops:glow_berries_gold":1,"minecraft:stone_brick_stairs":1,"supplementaries:bomb_blue":1,"ironfurnaces:iron_furnace":2,"minecraft:furnace":7,"minecraft:cooked_cod":7,"minecraft:potato":8,"minecraft:damaged_anvil":2,"qualitycrops:cooked_mutton_iron":4,"butchersdelightfoods:coockedbeeftenderloin":10,"minecraft:spruce_door":4,"minecraft:blackstone":15,"minecraft:wooden_pickaxe":12,"butchersdelight:skullcow":10,"minecraft:glow_berries":31,"minecraft:sand":25,"minecraft:birch_fence":14,"pineapple_delight:pineapple_crop":2,"minecraft:zombie_head":1,"supplementaries:flax_seeds":9,"minecraft:diamond_sword":29,"minecraft:wooden_sword":42,"butchersdelightfoods:cooked_llama_ribs":5,"minecraft:smithing_table":2,"minecraft:birch_log":7,"ironfurnaces:copper_furnace":1,"ironfurnaces:gold_furnace":1,"botania:white_mushroom":3,"minecraft:enchanting_table":1,"minecraft:stone_sword":53,"butchersdelightfoods:cookedporkloin":6,"minecraft:netherrack":1,"minecraft:torch":242,"minecraft:brewing_stand":1,"ironfurnaces:diamond_furnace":5,"minecraft:mossy_cobblestone_stairs":3,"supplementaries:doormat":6,"butchersdelight:cleaver":13,"botania:blue_mystical_flower":2,"minecraft:iron_axe":1137,"farmersdelight:cabbage_crate":9,"butchersdelightfoods:cooked_llama_loin":5,"farmersdelight:cooking_pot":2,"tombstone:gift":7,"farmersdelight:tomato_seeds":1,"minecraft:cobbled_deepslate":29,"minecraft:water_bucket":6,"farmersdelight:tomato_crate":7,"minecraft:birch_planks":514,"qualitycrops:sweet_berries_diamond":3,"minecraft:cracked_stone_bricks":2,"delightful:salmonberries":6,"minecraft:mossy_cobblestone":1,"minecraft:crafting_table":25,"minecraft:campfire":1,"minecraft:spruce_log":9,"qualitycrops:sweet_berries_gold":2,"alexsmobs:flying_fish":1,"minecraft:oak_log":13,"minecraft:diamond_pickaxe":680,"minecraft:diamond_shovel":66,"travelersbackpack:creeper":17,"farmersdelight:pasta_with_meatballs":1,"minecraft:iron_pickaxe":731,"minecraft:spruce_pressure_plate":4,"minecraft:cobblestone":186,"travelersbackpack:standard":13,"minecraft:cooked_porkchop":3,"minecraft:diamond_leggings":1,"minecraft:iron_shovel":253,"minecraft:decorated_pot":2,"farmersdelight:stove":1,"minecraft:iron_sword":470,"butchersdelight:hook":20,"farmersdelight:birch_cabinet":3,"butchersdelightfoods:cookedbeefribs":8,"alexsmobs:lobster_tail":1,"minecraft:mossy_cobblestone_slab":1,"pineapple_delight:pineapple":2,"minecraft:spruce_hanging_sign":1,"farmersdelight:tomato_sauce":2,"farmersdelight:cutting_board":1,"farmersdelight:safety_net":9,"minecraft:gold_block":12,"minecraft:diamond_boots":1,"miners_delight:copper_pot":2,"qualitycrops:cooked_cod_iron":1,"minecraft:stone_pickaxe":220,"minecraft:oak_planks":95,"botania:orange_mystical_flower":4,"butchersdelightfoods:cookedsheepshank":6,"minecraft:diamond_axe":32,"minecraft:sugar_cane":18,"minecraft:white_wool":5,"alexscaves:cave_book":21,"minecraft:cyan_bed":1,"minecraft:iron_door":2,"farmersdelight:ham":7,"butchersdelightfoods:cooked_ham":4,"botania:magenta_mystical_flower":4,"minecraft:smooth_stone_slab":9,"butchersdelightfoods:cooked_sheeploin":4,"minecraft:experience_bottle":1,"minecraft:rose_bush":1,"minecraft:spruce_planks":196,"botania:green_mystical_flower":7,"minecraft:cooked_chicken":1,"butchersdelightfoods:cooked_leg_cow":10,"minecraft:oak_door":4,"farmersdelight:dumplings":3,"minecraft:dirt":346,"minecraft:hopper":9,"minecraft:spruce_stairs":10,"minecraft:wooden_axe":26,"minecraft:oak_stairs":86,"minecraft:iron_boots":1,"alexscaves:spelunkery_table":1,"butchersdelightfoods:cooked_llama_leg":1,"minecraft:cooked_beef":3,"minecraft:iron_leggings":1,"minecraft:cooked_mutton":4,"minecraft:cobblestone_stairs":2,"farmersdelight:skillet":1,"minecraft:glass_bottle":1,"minecraft:polished_andesite":37,"minecraft:baked_potato":5,"minecraft:spruce_sign":7,"farmersdelight:onion":30,"minecraft:magenta_bed":2,"botania:red_mystical_flower":2,"corn_delight:corn_seeds":2,"minecraft:wooden_hoe":50,"minecraft:stone_axe":213,"butchersdelightfoods:cookedsheeprack":6,"ironfurnaces:emerald_furnace":1,"minecraft:bucket":28,"alexsmobs:animal_dictionary":8,"minecraft:smooth_stone":1},"minecraft:custom":{"minecraft:interact_with_crafting_table":191,"minecraft:open_barrel":49,"minecraft:leave_game":23,"minecraft:time_since_death":261271,"minecraft:deaths":2,"minecraft:play_time":964821,"minecraft:jump":11236,"minecraft:enchant_item":7,"minecraft:interact_with_furnace":215,"minecraft:sleep_in_bed":19,"minecraft:damage_dealt":53157,"tombstone:undead_killed":180,"minecraft:interact_with_smoker":1,"minecraft:interact_with_smithing_table":10,"minecraft:interact_with_anvil":2,"minecraft:inspect_hopper":50,"minecraft:sneak_time":30259,"minecraft:interact_with_blast_furnace":1,"minecraft:total_world_time":964821,"tombstone:raider_killed":4,"minecraft:time_since_rest":11488,"minecraft:swim_one_cm":285470,"minecraft:fly_one_cm":1859767,"minecraft:open_chest":703,"minecraft:fall_one_cm":280229,"minecraft:sprint_one_cm":1677265,"minecraft:drop":389,"minecraft:talked_to_villager":3,"minecraft:walk_on_water_one_cm":169137,"minecraft:interact_with_loom":25,"minecraft:crouch_one_cm":81385,"tombstone:villager_killed":1,"minecraft:mob_kills":251,"minecraft:climb_one_cm":9683,"minecraft:walk_one_cm":2616885,"minecraft:walk_under_water_one_cm":81332,"minecraft:boat_one_cm":263955,"minecraft:pot_flower":1,"minecraft:interact_with_grindstone":1,"minecraft:damage_taken":7909}},"DataVersion":3465}