{"stats":{"minecraft:mined":{"botania:red_mystical_flower":2,"alexsmobs:leafcutter_anthill":1,"minecraft:obsidian":20,"alexscaves:limestone":122,"minecraft:granite":3,"botania:light_blue_mushroom":1,"minecraft:acacia_log":1,"minecraft:hopper":7,"minecraft:crimson_fungus":3,"minecraft:nether_wart":6,"minecraft:spawner":10,"minecraft:polished_blackstone_bricks":67,"minecraft:magma_block":4,"minecraft:mossy_cobblestone_stairs":3,"minecraft:barrel":1,"minecraft:cobbled_deepslate":12,"minecraft:fire":24,"minecraft:moss_carpet":9,"minecraft:deepslate_lapis_ore":29,"minecraft:cave_vines":30,"minecraft:oak_stairs":60,"minecraft:pink_tulip":1,"farmersdelight:wild_potatoes":6,"ae2:large_quartz_bud":1,"botania:green_mystical_flower":9,"minecraft:brown_mushroom":18,"minecraft:potted_brown_mushroom":1,"alexscaves:amber":106,"minecraft:kelp_plant":5,"minecraft:crimson_nylium":8,"minecraft:soul_fire":4,"ironfurnaces:iron_furnace":2,"ironfurnaces:copper_furnace":1,"minecraft:torch":73,"farmersdelight:cabbage_crate":1,"minecraft:melon":17,"alexscaves:thin_bone":3,"minecraft:polished_andesite_stairs":3,"minecraft:spruce_wall_sign":2,"farmersdelight:cabbages":51,"minecraft:cyan_bed":1,"minecraft:sugar_cane":77,"minecraft:damaged_anvil":2,"botania:black_mystical_flower":4,"minecraft:amethyst_block":20,"minecraft:wheat":7,"minecraft:magenta_bed":2,"pineapple_delight:pineapple_crop":3,"minecraft:lilac":14,"minecraft:jukebox":1,"minecraft:stone_brick_stairs":1,"ae2:flawed_budding_quartz":2,"minecraft:grass":160,"butchersdelight:hook":3,"ae2:small_quartz_bud":6,"minecraft:smooth_basalt":34,"minecraft:deepslate":202,"minecraft:suspicious_gravel":1,"minecraft:dark_prismarine":11,"travelersbackpack:creeper":4,"alexscaves:primal_magma":2,"minecraft:mossy_cobblestone":1,"farmersdelight:wild_carrots":1,"botania:red_mushroom":4,"butchersdelight:deadsheepblock":1,"minecraft:allium":10,"alexscaves:pewen_log":13,"delightful:cantaloupe_plant":2,"minecraft:crimson_roots":11,"alexsmobs:leafcutter_ant_chamber":33,"farmersdelight:wild_cabbages":24,"minecraft:red_mushroom":1,"butchersdelight:deadpigblock":1,"minecraft:moss_block":57,"minecraft:kelp":3,"farmersdelight:wild_onions":27,"botania:magenta_mystical_flower":7,"minecraft:packed_mud":4,"supplementaries:flax":7,"ae2:damaged_budding_quartz":3,"minecraft:andesite":2,"pineapple_delight:pineapple_wild_crop":1,"minecraft:rail":2,"ironchest:iron_chest":6,"butchersdelight:skullcow":2,"ae2:sky_stone_block":22,"minecraft:bone_block":2,"minecraft:white_wool":4,"farmersdelight:birch_cabinet":1,"minecraft:smithing_table":1,"botania:lime_mystical_flower":7,"minecraft:soul_sand":14,"minecraft:lily_of_the_valley":2,"minecraft:dandelion":3,"alexscaves:flytrap":7,"minecraft:emerald_ore":1,"botania:pink_mushroom":1,"minecraft:campfire":2,"minecraft:tall_grass":40,"minecraft:copper_ore":14,"minecraft:deepslate_gold_ore":27,"minecraft:big_dripleaf":6,"minecraft:coarse_dirt":13,"ae2:flawless_budding_quartz":1,"supplementaries:doormat":4,"minecraft:spruce_log":180,"minecraft:birch_leaves":7,"alexscaves:cycad":3,"minecraft:zombie_head":1,"minecraft:gravel":1,"botania:gray_mystical_flower":5,"minecraft:cobweb":8,"minecraft:acacia_planks":4,"minecraft:chipped_anvil":1,"minecraft:gold_ore":9,"minecraft:fern":51,"miners_delight:wild_cave_carrots":8,"minecraft:large_amethyst_bud":1,"minecraft:spruce_planks":51,"corn_delight:wild_corn":9,"minecraft:cobblestone_stairs":2,"botania:pink_double_flower":2,"farmersdelight:tomato_crate":3,"minecraft:brewing_stand":1,"minecraft:cave_vines_plant":17,"minecraft:budding_amethyst":2,"minecraft:grass_block":259,"minecraft:cracked_polished_blackstone_bricks":27,"minecraft:soul_soil":13,"minecraft:smooth_stone":1,"minecraft:mossy_cobblestone_slab":1,"ironfurnaces:gold_furnace":1,"farmersdelight:wild_rice":1,"minecraft:iron_ore":68,"alexscaves:amber_monolith":15,"alexscaves:ambersol":3,"minecraft:azalea":10,"alexscaves:limestone_pillar":5,"corn_delight:corn_crop":3,"minecraft:deepslate_redstone_ore":6,"alexscaves:fern_thatch":2,"botania:orange_mystical_flower":7,"minecraft:blackstone":173,"minecraft:clay":62,"minecraft:light_gray_terracotta":1,"alexscaves:ancient_leaves":1,"minecraft:calcite":2,"minecraft:poppy":1,"minecraft:chest":9,"farmersdelight:safety_net":6,"minecraft:mushroom_stem":2,"minecraft:nether_quartz_ore":115,"minecraft:cobblestone":125,"botania:blue_mystical_flower":8,"minecraft:oak_planks":39,"minecraft:wall_torch":143,"minecraft:seagrass":1,"farmersdelight:sandy_shrub":12,"delightful:cantaloupe":7,"minecraft:birch_log":158,"minecraft:waxed_oxidized_cut_copper_stairs":1,"minecraft:smooth_stone_slab":13,"ae2:quartz_block":3,"minecraft:oak_log":125,"botania:gray_double_flower":3,"minecraft:sand":131,"minecraft:dirt":170,"minecraft:netherrack":465,"minecraft:oak_leaves":21,"botania:magenta_double_flower":1,"minecraft:granite_wall":1,"ae2:chipped_budding_quartz":2,"minecraft:nether_gold_ore":38,"alexscaves:spelunkery_table":1,"minecraft:tuff":10,"farmersdelight:onions":1,"minecraft:deepslate_diamond_ore":74,"minecraft:oak_door":6,"minecraft:decorated_pot":5,"travelersbackpack:white_sleeping_bag":1,"minecraft:spruce_leaves":9,"minecraft:sandstone":41,"minecraft:large_fern":21,"botania:purple_mushroom":1,"alexscaves:limestone_slab":2,"minecraft:spore_blossom":1,"alexscaves:subterranodon_egg":2,"minecraft:furnace":5,"botania:white_mushroom":3,"minecraft:stripped_spruce_log":4,"ae2:mysterious_cube":2,"minecraft:peony":1,"minecraft:gold_block":9,"minecraft:bookshelf":4,"minecraft:deepslate_iron_ore":96,"minecraft:stripped_oak_log":1,"alexscaves:curly_fern":2,"butchersdelight:deadllamablock":1,"minecraft:stone":392,"farmersdelight:cooking_pot":2,"minecraft:acacia_leaves":5,"minecraft:flowering_azalea":16,"alexscaves:cooked_dinosaur_chop":1,"minecraft:basalt":22,"minecraft:spruce_door":2,"travelersbackpack:standard":2,"minecraft:crafting_table":10,"botania:yellow_double_flower":3,"minecraft:rose_bush":3,"farmersdelight:onion_crate":1,"minecraft:lapis_ore":15,"minecraft:polished_blackstone_brick_stairs":2,"delightful:wild_salmonberries":12,"butchersdelight:deadchickenblock":2,"supplementaries:urn":84,"botania:pink_mystical_flower":5,"farmersdelight:wild_beetroots":1,"minecraft:birch_planks":272,"ironfurnaces:diamond_furnace":4,"ae2:medium_quartz_bud":1,"butchersdelight:deadcowblock":1,"minecraft:sweet_berry_bush":1,"minecraft:coal_ore":177,"farmersdelight:stove":1,"minecraft:cracked_stone_bricks":2,"minecraft:polished_andesite":45,"minecraft:small_dripleaf":6,"minecraft:mossy_stone_bricks":1,"miners_delight:copper_pot":2,"minecraft:birch_fence":2},"minecraft:killed":{"alexsmobs:lobster":3,"minecraft:cod":3,"minecraft:skeleton":56,"alexsmobs:leafcutter_ant":17,"alexsmobs:centipede_head":1,"alexsmobs:skelewag":1,"minecraft:zombie":160,"alexscaves:trilocaris":22,"minecraft:glow_squid":1,"alexsmobs:raccoon":1,"alexsmobs:seagull":3,"alexsmobs:underminer":1,"minecraft:wandering_trader":1,"alexscaves:grottoceratops":2,"minecraft:enderman":9,"minecraft:zombified_piglin":14,"minecraft:witch":1,"minecraft:spider":24,"minecraft:piglin_brute":7,"alexsmobs:kangaroo":4,"artifacts:mimic":3,"minecraft:wolf":1,"minecraft:piglin":24,"alexsmobs:grizzly_bear":2,"minecraft:zombie_villager":1,"minecraft:creeper":16,"alexsmobs:crimson_mosquito":2,"minecraft:sheep":12,"minecraft:ghast":3,"alexsmobs:fly":2,"alexscaves:vallumraptor":33,"alexsmobs:dropbear":1,"alexscaves:tremorsaurus":5,"alexsmobs:sugar_glider":1,"minecraft:phantom":4,"alexsmobs:soul_vulture":2,"minecraft:drowned":1,"alexscaves:relicheirus":5,"alexsmobs:flying_fish":4,"alexsmobs:emu":3,"alexscaves:subterranodon":2,"alexsmobs:gazelle":2,"alexsmobs:crow":1},"minecraft:custom":{"minecraft:interact_with_crafting_table":208,"minecraft:open_barrel":56,"minecraft:eat_cake_slice":10,"minecraft:leave_game":25,"minecraft:time_since_death":21364,"minecraft:deaths":7,"minecraft:play_time":1385557,"minecraft:jump":16499,"minecraft:enchant_item":7,"minecraft:interact_with_furnace":220,"minecraft:sleep_in_bed":30,"minecraft:waystone_activated":2,"tombstone:sneak_grave":2,"minecraft:damage_dealt":106784,"tombstone:undead_killed":239,"minecraft:interact_with_smoker":1,"minecraft:interact_with_smithing_table":12,"minecraft:interact_with_anvil":3,"minecraft:inspect_hopper":53,"minecraft:sneak_time":58574,"minecraft:interact_with_blast_furnace":2,"minecraft:total_world_time":1385557,"tombstone:raider_killed":5,"minecraft:time_since_rest":6313,"minecraft:swim_one_cm":357027,"minecraft:fly_one_cm":2604099,"minecraft:open_chest":911,"minecraft:fall_one_cm":438045,"minecraft:sprint_one_cm":2256718,"minecraft:drop":480,"minecraft:talked_to_villager":3,"minecraft:walk_on_water_one_cm":242074,"minecraft:interact_with_loom":28,"minecraft:crouch_one_cm":163627,"tombstone:villager_killed":1,"minecraft:mob_kills":472,"minecraft:climb_one_cm":16238,"minecraft:walk_one_cm":3527474,"minecraft:walk_under_water_one_cm":109105,"minecraft:boat_one_cm":263955,"minecraft:pot_flower":1,"minecraft:interact_with_grindstone":1,"minecraft:damage_taken":16165,"minecraft:damage_absorbed":40},"minecraft:picked_up":{"minecraft:wooden_axe":1,"alexscaves:thin_bone":3,"qualitycrops:wheat_gold":1,"minecraft:iron_chestplate":2,"alexscaves:tough_hide":7,"farmersdelight:birch_cabinet":1,"butchersdelightfoods:legcow":8,"minecraft:flower_pot":1,"butchersdelightfoods:llamma_ribs":5,"qualitycrops:tropical_fish_iron":2,"minecraft:smithing_table":1,"minecraft:diamond_sword":1,"minecraft:oak_stairs":77,"alexscaves:trilocaris_tail":17,"butchersdelightfoods:cooked_ham":2,"minecraft:enchanted_book":7,"minecraft:brewing_stand":1,"botania:light_blue_mushroom":7,"butchersdelightfoods:llama_loin":5,"minecraft:golden_sword":4,"minecraft:cooked_salmon":1,"minecraft:string":19,"qualitycrops:sweet_berries_iron":3,"minecraft:soul_soil":12,"travelersbackpack:creeper":6,"botania:light_gray_double_flower":1,"alexsmobs:emu_feather":2,"minecraft:gold_nugget":168,"minecraft:cobbled_deepslate":126,"minecraft:spruce_planks":116,"minecraft:melon_slice":83,"artifacts:universal_attractor":1,"minecraft:sheaf_pottery_sherd":1,"minecraft:big_dripleaf":16,"minecraft:acacia_log":1,"alexsmobs:centipede_leg":2,"botania:manasteel_ingot":2,"qualitysdelight:onion_iron":1,"minecraft:tropical_fish":6,"farmersdelight:onion":34,"minecraft:blue_dye":1,"supplementaries:ash":205,"qualitysdelight:cabbage_gold":1,"alexsmobs:lobster_tail":3,"alexsmobs:flying_fish":8,"minecraft:birch_log":157,"botania:cyan_mushroom":2,"minecraft:magma_block":3,"minecraft:mossy_cobblestone_slab":1,"butchersdelightfoods:beeftenderloin":8,"minecraft:feather":32,"farmersdelight:rice":12,"minecraft:water_bucket":4,"farmersdelight:safety_net":6,"butchersdelight:deadpig":15,"delightful:cantaloupe":9,"alexsmobs:cooked_kangaroo_meat":1,"minecraft:magenta_bed":2,"butchersdelightfoods:cookedporkloin":3,"farmersdelight:tomato":25,"supplementaries:doormat":4,"minecraft:chipped_anvil":1,"butchersdelightfoods:cookedsheeprack":6,"minecraft:diamond_helmet":1,"minecraft:moss_block":55,"butchersdelightfoods:cooked_llama_leg":1,"botania:red_mystical_flower":2,"botania:gray_double_flower":3,"miners_delight:gossypium":8,"qualitycrops:mutton_gold":2,"qualitysdelight:cabbage_iron":4,"alexsmobs:shark_tooth":1,"butchersdelight:skullcow":12,"alexscaves:amber_curiosity":4,"qualitycrops:sugar_cane_diamond":6,"butchersdelightfoods:porkloin":12,"minecraft:stripped_spruce_log":9,"minecraft:ink_sac":1,"alexsmobs:animal_dictionary":1,"minecraft:bundle":6,"minecraft:polished_andesite":37,"alexsmobs:kangaroo_hide":3,"ae2:chipped_budding_quartz":2,"minecraft:angler_pottery_sherd":1,"minecraft:granite":2,"qualitycrops:apple_diamond":1,"alexsmobs:maggot":3,"minecraft:crimson_roots":10,"minecraft:coarse_dirt":10,"minecraft:shelter_pottery_sherd":2,"minecraft:crafting_table":12,"minecraft:nether_wart":17,"minecraft:clay_ball":256,"ae2:silicon_press":2,"qualitycrops:mutton_iron":6,"minecraft:iron_shovel":1,"butchersdelight:dead_cow":12,"minecraft:cracked_stone_bricks":2,"minecraft:beef":8,"minecraft:iron_nugget":132,"minecraft:poppy":6,"ironfurnaces:diamond_furnace":2,"alexscaves:amber_monolith":15,"minecraft:chest":14,"minecraft:birch_sapling":1,"minecraft:diamond_hoe":1,"minecraft:egg":1,"minecraft:sandstone":36,"minecraft:oak_door":6,"alexscaves:cycad":3,"farmersdelight:cabbage_crate":1,"artifacts:charm_of_sinking":3,"farmersdelight:minced_beef":2,"botania:purple_mushroom":7,"ironchest:iron_chest":6,"butchersdelightfoods:cooked_llama_ribs":2,"farmersdelight:tomato_seeds":32,"botania:pink_mushroom":6,"minecraft:carrot":4,"minecraft:redstone":19,"qualitycrops:tropical_fish_gold":2,"botania:black_lotus":3,"butchersdelight:deadsheep":15,"minecraft:beetroot_seeds":3,"minecraft:decorated_pot":2,"ironfurnaces:gold_furnace":1,"minecraft:shears":1,"farmersdelight:hamburger":1,"minecraft:waxed_oxidized_cut_copper_stairs":1,"botania:blue_mystical_flower":11,"tombstone:essence_of_undeath":2,"butchersdelightfoods:sheeprack":11,"minecraft:gold_ingot":39,"minecraft:glow_berries":28,"botania:green_mystical_flower":9,"minecraft:mutton":20,"qualitysdelight:cabbage_diamond":1,"alexsmobs:kangaroo_meat":7,"minecraft:white_wool":19,"alexscaves:pewen_log":14,"alexsmobs:acacia_blossom":1,"minecraft:red_mushroom":3,"minecraft:filled_map":1,"botania:light_gray_mushroom":3,"minecraft:packed_mud":1,"minecraft:oak_log":145,"qualitycrops:cooked_mutton_gold":1,"botania:red_mushroom":7,"alexscaves:ambersol":3,"miners_delight:copper_pot":2,"minecraft:paper":1,"tombstone:gift":4,"butchersdelight:deadchiken":12,"qualitycrops:apple_iron":1,"farmersdelight:cooking_pot":2,"minecraft:kelp":10,"minecraft:spore_blossom":1,"pineapple_delight:pineapple":3,"botania:cyan_petal":6,"minecraft:iron_sword":1,"minecraft:flowering_azalea":4,"minecraft:polished_andesite_stairs":3,"minecraft:smooth_basalt":28,"alexsmobs:fish_bones":1,"minecraft:sweet_berries":36,"minecraft:gravel":2,"minecraft:spruce_sapling":1,"delightful:salmonberries":9,"botania:lime_mushroom":3,"minecraft:spruce_log":180,"minecraft:crying_obsidian":1,"farmersdelight:cabbage_leaf":2,"travelersbackpack:standard":7,"minecraft:snort_pottery_sherd":1,"minecraft:stone_axe":1,"botania:orange_mystical_flower":6,"qualitycrops:cod_iron":3,"alexscaves:cave_map":1,"minecraft:baked_potato":1,"pineapple_delight:pineapple_crop":9,"minecraft:pink_dye":3,"minecraft:hopper":6,"minecraft:ender_pearl":8,"minecraft:wheat":7,"qualitycrops:tropical_fish_diamond":1,"alexscaves:cave_tablet":1,"minecraft:stone_brick_stairs":1,"minecraft:raw_copper":126,"minecraft:smooth_stone_slab":12,"minecraft:zombie_head":2,"alexsmobs:dropbear_claw":3,"alexsmobs:blood_sac":1,"minecraft:smooth_stone":1,"farmersdelight:cabbage":38,"minecraft:bucket":1,"delightful:acorn":4,"minecraft:rose_bush":4,"minecraft:azalea":10,"farmersdelight:pasta_with_meatballs":1,"minecraft:iron_pickaxe":6,"alexsmobs:leafcutter_ant_chamber":31,"delightful:green_tea_leaf":4,"ae2:flawed_budding_quartz":1,"minecraft:iron_boots":1,"farmersdelight:cabbage_seeds":121,"alexscaves:flytrap":4,"minecraft:furnace":5,"qualitycrops:sugar_cane_iron":13,"butchersdelightfoods:cooked_sheeploin":1,"botania:lexicon":1,"minecraft:stick":21,"farmersdelight:rotten_tomato":1,"minecraft:torch":337,"alexscaves:limestone_pillar":2,"botania:black_mushroom":6,"alexscaves:heavy_bone":19,"minecraft:porkchop":12,"tombstone:grave_dust":30,"supplementaries:flax":7,"ae2:sky_stone_block":25,"alexscaves:limestone_slab":2,"farmersdelight:tomato_crate":3,"minecraft:rotten_flesh":180,"butchersdelightfoods:ham":13,"qualitycrops:glow_berries_gold":1,"minecraft:spruce_hanging_sign":1,"minecraft:obsidian":24,"minecraft:cod":3,"minecraft:cobblestone":427,"minecraft:leather_chestplate":2,"farmersdelight:onion_crate":1,"minecraft:lilac":10,"corn_delight:corn":2,"minecraft:potato":7,"alexsmobs:bear_fur":3,"minecraft:tuff":8,"supplementaries:flax_seeds":51,"minecraft:danger_pottery_sherd":1,"butchersdelightfoods:llama_leg":5,"butchersdelight:goat_fur":7,"ae2:damaged_budding_quartz":2,"minecraft:lapis_lazuli":407,"minecraft:dirt":492,"minecraft:glass":26,"minecraft:bone":180,"butchersdelightfoods:cookedbeefribs":1,"minecraft:granite_wall":1,"minecraft:wheat_seeds":46,"botania:pink_mystical_flower":4,"minecraft:raw_gold":88,"botania:purple_mystical_flower":1,"ae2:logic_processor_press":2,"alexsmobs:gongylidia":5,"minecraft:mossy_stone_bricks":4,"minecraft:bamboo":7,"ironfurnaces:iron_furnace":4,"minecraft:oak_planks":94,"botania:gray_mystical_flower":14,"minecraft:cooked_porkchop":2,"botania:pink_petal":14,"botania:yellow_double_flower":3,"butchersdelight:cow_hide":8,"minecraft:sand":118,"minecraft:lily_of_the_valley":6,"minecraft:grass_block":1,"minecraft:cyan_bed":1,"farmersdelight:ham":12,"butchersdelightfoods:beefribs":8,"ae2:quartz_block":6,"minecraft:mossy_cobblestone":1,"minecraft:sugar":1,"minecraft:diamond":106,"minecraft:spruce_boat":1,"minecraft:cracked_polished_blackstone_bricks":4,"minecraft:crossbow":1,"minecraft:golden_apple":2,"minecraft:spruce_sign":2,"butchersdelight:deadllama":6,"minecraft:emerald":121,"butchersdelight:hook":6,"butchersdelightfoods:sheepshank":11,"minecraft:oak_sapling":19,"minecraft:netherrack":356,"minecraft:charcoal":2,"minecraft:allium":88,"minecraft:chicken":6,"botania:white_mushroom":9,"minecraft:brown_mushroom":16,"nethersdelight:propelpearl":25,"farmersdelight:tomato_sauce":4,"minecraft:gold_block":12,"minecraft:brick":48,"minecraft:moss_carpet":1,"minecraft:iron_axe":5,"miners_delight:cave_carrot":11,"botania:magenta_mystical_flower":7,"minecraft:birch_fence":2,"alexscaves:dinosaur_chop":14,"butchersdelightfoods:cookedporkribs":2,"minecraft:blackstone":259,"butchersdelightfoods:sheeploin":12,"qualitycrops:melon_slice_gold":4,"minecraft:light_gray_wool":1,"minecraft:sugar_cane":139,"butchersdelightfoods:porkribs":14,"minecraft:phantom_membrane":1,"minecraft:raw_iron":273,"qualitycrops:sweet_berries_gold":10,"qualitycrops:sugar_cane_gold":11,"minecraft:copper_ingot":10,"alexscaves:fern_thatch":2,"minecraft:polished_blackstone_bricks":44,"botania:lime_double_flower":3,"qualitycrops:egg_diamond":2,"alexsmobs:leafcutter_ant_pupa":6,"corn_delight:corn_seeds":17,"minecraft:arrow":48,"botania:lime_mystical_flower":7,"ae2:certus_quartz_dust":8,"alexscaves:spelunkery_table":1,"miners_delight:bat_wing":2,"ae2:calculation_processor_press":2,"alexsmobs:ghostly_pickaxe":1,"minecraft:skeleton_skull":1,"botania:magenta_double_flower":1,"minecraft:glow_ink_sac":6,"minecraft:basalt":15,"minecraft:leather":5,"qualitycrops:melon_slice_diamond":15,"minecraft:birch_planks":354,"alexscaves:limestone":121,"minecraft:crimson_fungus":3,"artifacts:cloud_in_a_bottle":1,"minecraft:yellow_bed":3,"minecraft:gunpowder":10,"minecraft:cobblestone_stairs":2,"alexscaves:amber":103,"botania:black_mystical_flower":20,"minecraft:podzol":1,"qualitycrops:glow_berries_iron":3,"minecraft:iron_ingot":112,"artifacts:whoopee_cushion":4,"alexscaves:curly_fern":2,"farmersdelight:dumplings":4,"minecraft:soul_sand":12,"minecraft:book":12,"minecraft:quartz":137,"minecraft:dandelion":3,"minecraft:amethyst_shard":2,"minecraft:spider_eye":7,"minecraft:spruce_door":2,"qualitycrops:sweet_berries_diamond":3,"butchersdelight:sheephide":19,"qualitycrops:melon_slice_iron":6,"ironfurnaces:copper_furnace":1,"minecraft:iron_helmet":1,"minecraft:mossy_cobblestone_stairs":4,"ae2:engineering_processor_press":2,"tombstone:magic_scroll":4,"minecraft:damaged_anvil":2,"farmersdelight:stove":1,"minecraft:coal":719,"alexscaves:ancient_sapling":1},"minecraft:killed_by":{"minecraft:skeleton":1},"minecraft:crafted":{"minecraft:birch_slab":12,"waystones:waystone":1,"ironfurnaces:iron_furnace":1,"minecraft:diamond_shovel":2,"ironfurnaces:diamond_furnace":1,"butchersdelightfoods:cooked_leg_cow":3,"minecraft:glass":9,"minecraft:diamond_helmet":2,"minecraft:diamond_leggings":2,"minecraft:iron_door":6,"minecraft:glass_bottle":3,"minecraft:wooden_shovel":2,"minecraft:cooked_porkchop":1,"minecraft:diamond_axe":1,"farmersdelight:iron_knife":1,"farmersdelight:cabbage_crate":8,"travelersbackpack:standard":3,"minecraft:spruce_door":6,"minecraft:smithing_table":1,"minecraft:copper_ingot":9,"waystones:warp_stone":1,"minecraft:campfire":1,"qualitycrops:cooked_mutton_iron":1,"minecraft:golden_leggings":1,"minecraft:wooden_hoe":1,"minecraft:iron_pickaxe":6,"minecraft:gold_ingot":58,"minecraft:iron_nugget":90,"minecraft:diamond_hoe":1,"butchersdelightfoods:cookedsheepshank":1,"minecraft:bone_meal":48,"butchersdelightfoods:cookedbeefribs":2,"ironfurnaces:emerald_furnace":1,"minecraft:spruce_stairs":12,"travelersbackpack:white_sleeping_bag":2,"farmersdelight:birch_cabinet":2,"minecraft:stone_pickaxe":3,"minecraft:diamond_boots":2,"minecraft:golden_helmet":1,"farmersdelight:hamburger":1,"farmersdelight:onion_crate":1,"minecraft:enchanting_table":1,"nethersdelight:iron_machete":1,"butchersdelightfoods:coockedbeeftenderloin":3,"minecraft:birch_trapdoor":6,"minecraft:wooden_axe":1,"minecraft:oak_stairs":36,"minecraft:iron_shovel":1,"minecraft:iron_leggings":2,"delightful:cantaloupe_slice":3,"minecraft:oak_planks":388,"qualitycrops:cooked_cod_iron":3,"minecraft:cooked_chicken":1,"butchersdelightfoods:cooked_ham":3,"alexscaves:pewen_planks":4,"minecraft:spruce_pressure_plate":4,"farmersdelight:safety_net":3,"minecraft:hopper":2,"minecraft:bow":2,"minecraft:iron_boots":2,"tombstone:grave_key":1,"butchersdelightfoods:cookedporkribs":1,"minecraft:chest":19,"minecraft:stone_bricks":4,"farmersdelight:tomato_seeds":1,"minecraft:crafting_table":17,"minecraft:spruce_planks":288,"minecraft:baked_potato":5,"minecraft:wooden_pickaxe":1,"minecraft:iron_helmet":2,"minecraft:gold_block":9,"butchersdelight:cleaver":2,"minecraft:birch_planks":384,"farmersdelight:skillet":1,"farmersdelight:cutting_board":1,"minecraft:book":1,"minecraft:iron_chestplate":2,"minecraft:paper":12,"minecraft:diamond_pickaxe":3,"minecraft:birch_fence":15,"minecraft:stick":152,"minecraft:iron_ingot":97,"alexscaves:primordial_helmet":2,"minecraft:stone_sword":1,"miners_delight:copper_cup":1,"minecraft:shears":2,"minecraft:wooden_sword":1,"minecraft:oak_door":6,"ironfurnaces:gold_furnace":1,"minecraft:furnace":3,"supplementaries:doormat":2,"alexscaves:cave_map":1,"minecraft:flint_and_steel":1,"farmersdelight:tomato_crate":4,"minecraft:iron_axe":6,"minecraft:cooked_cod":7,"minecraft:bone_block":4,"minecraft:diamond_sword":1,"butchersdelight:hook":15,"minecraft:spruce_sign":6,"travelersbackpack:backpack_tank":4,"minecraft:iron_sword":1,"minecraft:bowl":12,"minecraft:bucket":3,"miners_delight:copper_pot":1,"minecraft:stone_axe":4,"minecraft:air":0,"minecraft:bread":1,"ironfurnaces:copper_furnace":1,"minecraft:white_wool":1,"alexscaves:limestone_spear":20,"minecraft:raw_gold":54,"minecraft:acacia_planks":4,"delightful:salmonberry_pips":1,"minecraft:torch":104,"butchersdelightfoods:cookedporkloin":3,"minecraft:lapis_lazuli":45,"minecraft:lapis_block":32,"minecraft:diamond_chestplate":2,"ironchest:iron_chest":2},"minecraft:used":{"minecraft:moss_block":19,"farmersdelight:onion_crate":2,"farmersdelight:cabbage_seeds":8,"minecraft:chest":23,"farmersdelight:cabbage":2,"minecraft:rotten_flesh":48,"minecraft:soul_sand":11,"minecraft:allium":3,"ironchest:iron_chest":8,"minecraft:spruce_boat":1,"alexscaves:cooked_trilocaris_tail":3,"minecraft:lava_bucket":56,"minecraft:polished_andesite_stairs":2,"qualitycrops:glow_berries_gold":1,"minecraft:stone_brick_stairs":1,"supplementaries:bomb_blue":1,"ironfurnaces:iron_furnace":2,"minecraft:bow":48,"minecraft:furnace":7,"minecraft:cooked_cod":15,"minecraft:potato":8,"butchersdelightfoods:cookedporkribs":4,"qualitycrops:cooked_mutton_iron":4,"minecraft:damaged_anvil":2,"butchersdelightfoods:coockedbeeftenderloin":10,"minecraft:spruce_door":4,"qualitycrops:melon_slice_diamond":15,"minecraft:blackstone":44,"minecraft:wooden_pickaxe":12,"minecraft:golden_apple":1,"butchersdelight:skullcow":10,"minecraft:glow_berries":31,"minecraft:sand":29,"minecraft:birch_fence":14,"alexscaves:thin_bone":1,"pineapple_delight:pineapple_crop":2,"minecraft:zombie_head":1,"botania:yellow_double_flower":2,"supplementaries:flax_seeds":9,"minecraft:diamond_sword":932,"minecraft:wooden_sword":42,"butchersdelightfoods:cooked_llama_ribs":5,"minecraft:smithing_table":2,"minecraft:birch_log":7,"ironfurnaces:gold_furnace":1,"ironfurnaces:copper_furnace":1,"minecraft:stone_sword":53,"botania:white_mushroom":3,"minecraft:enchanting_table":1,"butchersdelightfoods:cookedporkloin":8,"alexscaves:amber_monolith":15,"minecraft:cooked_salmon":1,"minecraft:netherrack":205,"minecraft:torch":279,"minecraft:brewing_stand":1,"ironfurnaces:diamond_furnace":5,"farmersdelight:beef_patty":1,"minecraft:mossy_cobblestone_stairs":3,"supplementaries:doormat":6,"butchersdelight:cleaver":13,"botania:blue_mystical_flower":2,"minecraft:iron_axe":1137,"ae2:sky_stone_block":7,"alexscaves:primordial_helmet":1,"farmersdelight:cabbage_crate":9,"alexsmobs:ghostly_pickaxe":1,"minecraft:smooth_basalt":26,"minecraft:bamboo":2,"butchersdelightfoods:cooked_llama_loin":5,"minecraft:basalt":6,"farmersdelight:cooking_pot":2,"tombstone:gift":10,"farmersdelight:tomato_seeds":1,"minecraft:cobbled_deepslate":35,"minecraft:water_bucket":49,"farmersdelight:tomato_crate":7,"minecraft:birch_planks":522,"qualitycrops:sweet_berries_diamond":3,"minecraft:polished_blackstone_bricks":43,"minecraft:cracked_stone_bricks":2,"minecraft:gilded_blackstone":1,"qualitycrops:melon_slice_gold":4,"minecraft:mossy_cobblestone":1,"delightful:salmonberries":6,"minecraft:crafting_table":28,"minecraft:campfire":1,"minecraft:spruce_log":9,"qualitycrops:sweet_berries_gold":2,"alexsmobs:flying_fish":1,"minecraft:oak_log":13,"minecraft:diamond_pickaxe":1888,"minecraft:diamond_shovel":143,"travelersbackpack:creeper":38,"farmersdelight:pasta_with_meatballs":1,"minecraft:iron_pickaxe":1000,"minecraft:spruce_pressure_plate":4,"minecraft:cobblestone":299,"travelersbackpack:standard":18,"minecraft:cooked_porkchop":7,"minecraft:diamond_leggings":1,"minecraft:iron_shovel":253,"minecraft:bone_block":1,"minecraft:nether_wart":9,"minecraft:decorated_pot":2,"farmersdelight:stove":1,"butchersdelight:hook":20,"minecraft:iron_sword":470,"farmersdelight:birch_cabinet":3,"butchersdelightfoods:cookedbeefribs":9,"minecraft:axolotl_bucket":1,"minecraft:obsidian":10,"alexsmobs:lobster_tail":1,"alexsmobs:cooked_lobster_tail":1,"minecraft:mossy_cobblestone_slab":1,"pineapple_delight:pineapple":2,"minecraft:spruce_hanging_sign":1,"farmersdelight:tomato_sauce":4,"farmersdelight:cutting_board":1,"farmersdelight:safety_net":9,"minecraft:gold_block":16,"miners_delight:copper_pot":2,"minecraft:diamond_boots":1,"qualitycrops:cooked_cod_iron":1,"minecraft:stone_pickaxe":220,"minecraft:oak_planks":115,"minecraft:diamond_axe":172,"minecraft:sandstone":5,"butchersdelightfoods:cookedsheepshank":9,"botania:orange_mystical_flower":6,"minecraft:sugar_cane":18,"minecraft:white_wool":5,"alexscaves:cave_book":35,"alexscaves:trilocaris_tail":2,"waystones:waystone":1,"minecraft:melon_slice":8,"minecraft:cyan_bed":1,"minecraft:bread":1,"minecraft:iron_door":2,"farmersdelight:ham":7,"butchersdelightfoods:cooked_ham":8,"minecraft:waxed_oxidized_cut_copper_stairs":1,"botania:magenta_mystical_flower":4,"minecraft:tropical_fish_bucket":2,"minecraft:smooth_stone_slab":9,"minecraft:coarse_dirt":9,"butchersdelightfoods:cooked_sheeploin":8,"minecraft:experience_bottle":1,"minecraft:rose_bush":4,"minecraft:flint_and_steel":5,"minecraft:spruce_planks":200,"botania:green_mystical_flower":7,"minecraft:cooked_chicken":3,"butchersdelightfoods:cooked_leg_cow":10,"minecraft:oak_door":8,"farmersdelight:dumplings":3,"minecraft:dirt":381,"minecraft:hopper":9,"minecraft:spruce_stairs":12,"alexsmobs:cooked_kangaroo_meat":6,"minecraft:diamond_helmet":2,"alexscaves:limestone":26,"minecraft:granite":2,"alexscaves:limestone_spear":21,"minecraft:wooden_axe":26,"minecraft:oak_stairs":92,"minecraft:iron_boots":1,"alexscaves:spelunkery_table":1,"minecraft:soul_soil":5,"nethersdelight:iron_machete":14,"butchersdelightfoods:cooked_llama_leg":2,"minecraft:cooked_beef":4,"minecraft:iron_leggings":1,"minecraft:cooked_mutton":8,"minecraft:cobblestone_stairs":2,"farmersdelight:skillet":1,"minecraft:glass_bottle":1,"minecraft:polished_andesite":37,"minecraft:baked_potato":31,"minecraft:spruce_sign":7,"farmersdelight:onion":30,"minecraft:magenta_bed":2,"botania:red_mystical_flower":2,"alexscaves:pewen_planks":4,"corn_delight:corn_seeds":2,"tombstone:bag_of_seeds":2,"minecraft:wooden_hoe":50,"minecraft:cracked_polished_blackstone_bricks":4,"minecraft:stone_axe":213,"butchersdelightfoods:cookedsheeprack":9,"ironfurnaces:emerald_furnace":1,"minecraft:bucket":129,"alexsmobs:animal_dictionary":8,"alexscaves:cooked_dinosaur_chop":4,"minecraft:smooth_stone":1},"minecraft:dropped":{"farmersdelight:iron_knife":1,"farmersdelight:hamburger":2,"minecraft:iron_sword":1,"minecraft:porkchop":3,"minecraft:lapis_lazuli":22,"botania:pink_petal":7,"minecraft:cooked_beef":2,"minecraft:diamond":59,"alexscaves:curly_fern":2,"minecraft:cooked_porkchop":3,"minecraft:crossbow":1,"minecraft:glow_berries":4,"artifacts:cloud_in_a_bottle":1,"travelersbackpack:iron_tier_upgrade":1,"minecraft:red_mushroom":1,"minecraft:emerald":16,"minecraft:gold_block":2,"minecraft:dirt":18,"butchersdelightfoods:cookedsheeprack":1,"alexsmobs:flying_fish":7,"botania:light_gray_mushroom":1,"botania:light_blue_mushroom":2,"artifacts:charm_of_sinking":2,"minecraft:wooden_sword":1,"minecraft:sand":2,"minecraft:iron_pickaxe":6,"minecraft:white_wool":2,"alexscaves:cycad":3,"minecraft:bone":60,"minecraft:oak_door":4,"botania:lime_double_flower":1,"minecraft:sugar_cane":1,"botania:white_mushroom":4,"minecraft:iron_nugget":50,"minecraft:cooked_chicken":1,"alexscaves:cave_tablet":1,"butchersdelight:deadsheep":1,"minecraft:pink_dye":1,"minecraft:birch_sapling":1,"farmersdelight:cabbage":5,"minecraft:rotten_flesh":12,"minecraft:oak_planks":54,"corn_delight:corn_seeds":2,"botania:black_mushroom":2,"supplementaries:flax_seeds":8,"butchersdelightfoods:cookedporkribs":10,"butchersdelightfoods:cookedbeefribs":1,"butchersdelight:hook":3,"minecraft:glass":4,"minecraft:beef":2,"botania:black_lotus":1,"botania:lime_mushroom":1,"farmersdelight:tomato_seeds":10,"minecraft:enchanted_book":2,"minecraft:iron_ingot":37,"minecraft:wheat_seeds":13,"minecraft:shelter_pottery_sherd":1,"farmersdelight:skillet":1,"butchersdelight:sheephide":4,"alexscaves:limestone_spear":6,"minecraft:feather":1,"minecraft:cobblestone":22,"butchersdelightfoods:cooked_llama_leg":2,"minecraft:iron_helmet":2,"botania:gray_mystical_flower":3,"artifacts:whoopee_cushion":3,"qualitycrops:glow_berries_iron":3,"minecraft:spruce_door":1,"qualitycrops:sweet_berries_gold":3,"minecraft:coal":207,"travelersbackpack:creeper":1,"alexscaves:trilocaris_tail":1,"minecraft:wooden_hoe":1,"minecraft:wooden_axe":2,"minecraft:diamond_helmet":2,"minecraft:potion":1,"minecraft:dead_bush":1,"delightful:acorn":2,"minecraft:oak_stairs":9,"alexsmobs:ghostly_pickaxe":1,"minecraft:mossy_cobblestone_stairs":1,"alexscaves:limestone_slab":1,"butchersdelight:deadpig":1,"minecraft:paper":1,"minecraft:string":3,"delightful:salmonberries":2,"butchersdelight:goat_fur":2,"qualitysdelight:onion_iron":1,"minecraft:stone_sword":1,"minecraft:diamond_hoe":2,"butchersdelightfoods:porkribs":5,"minecraft:chicken":3,"butchersdelightfoods:cooked_sheeploin":2,"minecraft:clay_ball":1,"minecraft:iron_boots":1,"ironfurnaces:iron_furnace":1,"minecraft:shears":2,"alexsmobs:cooked_kangaroo_meat":2,"qualitycrops:cooked_mutton_iron":1,"minecraft:lily_of_the_valley":6,"minecraft:diamond_sword":1,"minecraft:potato":6,"miners_delight:cave_carrot":10,"minecraft:allium":41,"delightful:nut_butter_bottle":1,"minecraft:bundle":2,"minecraft:spruce_planks":43,"minecraft:diamond_pickaxe":1,"minecraft:yellow_bed":3,"minecraft:wooden_shovel":1,"minecraft:spider_eye":1,"minecraft:bamboo":8,"minecraft:sandstone":3,"minecraft:bow":1,"farmersdelight:ham":5,"alexsmobs:shark_tooth":1,"qualitycrops:mutton_iron":1,"pineapple_delight:pineapple":1,"minecraft:moss_block":13,"minecraft:brown_mushroom":1,"minecraft:birch_planks":128,"butchersdelightfoods:cooked_ham":5,"minecraft:oak_log":31,"minecraft:baked_potato":18,"botania:black_mystical_flower":5,"botania:cyan_petal":2,"qualitycrops:cooked_cod_iron":1,"minecraft:leather":1,"botania:red_mushroom":1,"travelersbackpack:standard":6,"minecraft:cod":3,"farmersdelight:rice":10,"butchersdelightfoods:cookedporkloin":2,"minecraft:mutton":1,"minecraft:gilded_blackstone":1,"farmersdelight:onion":10,"alexscaves:cave_map":1,"minecraft:amethyst_shard":1,"minecraft:polished_blackstone_bricks":1,"minecraft:birch_log":55,"minecraft:gold_ingot":13,"qualitycrops:cooked_mutton_gold":3,"minecraft:gravel":2,"delightful:cantaloupe_slice":3,"minecraft:blackstone":71,"botania:purple_mystical_flower":1,"minecraft:diamond_shovel":2,"minecraft:cooked_mutton":1,"minecraft:poppy":6,"minecraft:leather_chestplate":5,"supplementaries:ash":2,"minecraft:gunpowder":2,"minecraft:birch_trapdoor":2,"minecraft:azalea":1,"minecraft:beetroot_seeds":3,"minecraft:chest":3,"botania:blue_mystical_flower":1,"minecraft:basalt":7,"minecraft:arrow":17,"alexscaves:primordial_helmet":1,"minecraft:netherrack":1,"minecraft:water_bucket":7,"minecraft:stripped_spruce_log":5,"butchersdelightfoods:porkloin":3,"minecraft:lilac":4,"minecraft:diamond_leggings":1,"minecraft:copper_ingot":9,"minecraft:stick":24,"tombstone:magic_scroll":1,"minecraft:torch":64,"minecraft:zombie_head":1,"qualitysdelight:cabbage_diamond":1,"minecraft:iron_leggings":2,"minecraft:flowering_azalea":3,"minecraft:iron_axe":7,"minecraft:bucket":2,"minecraft:dandelion":2,"minecraft:smooth_basalt":1,"botania:purple_mushroom":2,"minecraft:kelp":8,"minecraft:sweet_berries":34,"minecraft:raw_copper":35,"minecraft:tuff":4,"minecraft:raw_iron":75,"farmersdelight:cabbage_seeds":9,"farmersdelight:tomato_sauce":2,"butchersdelightfoods:cookedsheepshank":1,"qualitycrops:egg_diamond":1,"botania:pink_mushroom":3,"minecraft:filled_map":2,"alexsmobs:lobster_tail":1,"minecraft:diamond_chestplate":1,"minecraft:iron_chestplate":2,"minecraft:mossy_stone_bricks":4,"minecraft:golden_leggings":1,"minecraft:oak_sapling":2,"minecraft:golden_sword":2,"butchersdelightfoods:ham":3,"minecraft:diamond_boots":1,"minecraft:spruce_log":42,"botania:pink_mystical_flower":2,"minecraft:stone_pickaxe":2,"minecraft:wooden_pickaxe":1,"minecraft:brick":3},"minecraft:broken":{"minecraft:diamond_helmet":1,"minecraft:iron_boots":1,"minecraft:iron_chestplate":1,"minecraft:iron_leggings":1,"minecraft:diamond_pickaxe":1,"minecraft:iron_sword":1,"minecraft:diamond_leggings":1,"minecraft:iron_axe":4,"minecraft:iron_pickaxe":3,"minecraft:iron_helmet":1,"minecraft:golden_helmet":1,"minecraft:iron_shovel":1,"minecraft:stone_pickaxe":1,"minecraft:diamond_boots":1,"minecraft:stone_axe":3,"alexscaves:primordial_helmet":1}},"DataVersion":3465}