{"stats":{"minecraft:dropped":{"qualitycrops:sweet_berries_diamond":3,"minecraft:iron_sword":1,"minecraft:birch_planks":17,"minecraft:moss_block":26,"butchersdelight:dead_cow":1,"minecraft:diamond":1,"alexscaves:curly_fern":3,"alexscaves:flytrap":1,"minecraft:glow_berries":6,"minecraft:cod":3,"minecraft:flint":1,"minecraft:dirt":4,"minecraft:tnt_minecart":1,"alexsmobs:flying_fish":6,"minecraft:wooden_sword":2,"alexscaves:cave_map":1,"minecraft:bone_meal":1,"minecraft:sand":2,"alexscaves:cycad":1,"minecraft:gravel":3,"minecraft:white_tulip":1,"minecraft:blackstone":1,"minecraft:iron_nugget":39,"butchersdelight:deadsheep":1,"minecraft:birch_sapling":1,"minecraft:obsidian":5,"minecraft:rotten_flesh":16,"minecraft:oak_planks":2,"minecraft:poppy":3,"supplementaries:flax_seeds":4,"minecraft:beetroot_seeds":3,"minecraft:azalea":1,"minecraft:glass":3,"minecraft:crying_obsidian":1,"minecraft:enchanted_book":1,"minecraft:iron_ingot":36,"minecraft:wheat_seeds":9,"minecraft:lilac":2,"minecraft:feather":1,"artifacts:whoopee_cushion":2,"qualitycrops:glow_berries_iron":1,"qualitycrops:sweet_berries_gold":1,"minecraft:coal":4,"minecraft:polished_andesite":2,"minecraft:stick":7,"travelersbackpack:creeper":2,"alexscaves:trilocaris_tail":4,"minecraft:blue_dye":1,"minecraft:torch":41,"minecraft:wooden_axe":2,"qualitysdelight:cabbage_diamond":1,"tombstone:grave_dust":1,"delightful:acorn":1,"minecraft:polished_andesite_stairs":1,"minecraft:mossy_cobblestone_stairs":1,"minecraft:string":1,"minecraft:bucket":1,"butchersdelight:deadchiken":1,"farmersdelight:pasta_with_meatballs":1,"farmersdelight:rotten_tomato":1,"minecraft:moss_carpet":2,"minecraft:kelp":2,"minecraft:sweet_berries":4,"minecraft:stone_sword":2,"minecraft:bowl":2,"farmersdelight:dumplings":4,"farmersdelight:tomato_sauce":4,"minecraft:clay_ball":4,"qualitycrops:egg_diamond":2,"minecraft:lily_of_the_valley":1,"minecraft:diamond_sword":1,"ironfurnaces:copper_furnace":1,"minecraft:spruce_boat":1,"minecraft:allium":14,"minecraft:mossy_stone_bricks":1,"minecraft:sandstone":2,"minecraft:stone_pickaxe":2,"minecraft:red_tulip":1,"minecraft:wooden_pickaxe":1,"minecraft:brick":42},"minecraft:picked_up":{"minecraft:wooden_axe":1,"minecraft:iron_chestplate":4,"minecraft:wheat":13,"minecraft:smithing_table":1,"minecraft:lead":2,"minecraft:diamond_sword":1,"alexscaves:trilocaris_tail":17,"minecraft:oak_stairs":35,"minecraft:enchanted_book":2,"butchersdelightfoods:cooked_ham":5,"minecraft:potion":1,"botania:light_blue_mushroom":1,"qualitycrops:sweet_berries_iron":14,"minecraft:string":1,"minecraft:raw_copper":27,"minecraft:smooth_stone_slab":3,"travelersbackpack:creeper":2,"minecraft:iron_leggings":2,"minecraft:zombie_head":1,"minecraft:diamond_leggings":1,"minecraft:tnt_minecart":1,"minecraft:gold_nugget":41,"minecraft:cobbled_deepslate":95,"farmersdelight:cabbage":65,"minecraft:bucket":2,"minecraft:spruce_planks":59,"delightful:acorn":2,"qualitycrops:potato_gold":2,"minecraft:white_tulip":1,"minecraft:rose_bush":7,"minecraft:azalea":1,"minecraft:wooden_shovel":1,"minecraft:iron_pickaxe":2,"minecraft:melon_slice":22,"delightful:green_tea_leaf":2,"farmersdelight:cabbage_seeds":150,"alexscaves:flytrap":1,"minecraft:iron_boots":1,"butchersdelightfoods:cooked_sheeploin":2,"minecraft:stick":13,"alexscaves:limestone_spear":5,"qualitycrops:salmon_iron":2,"farmersdelight:rotten_tomato":6,"minecraft:torch":263,"botania:yellow_mystical_flower":1,"botania:black_mushroom":2,"travelersbackpack:iron_tier_upgrade":1,"alexscaves:heavy_bone":2,"minecraft:porkchop":3,"tombstone:grave_dust":9,"supplementaries:flax":4,"alexsmobs:centipede_leg":4,"ae2:sky_stone_block":2,"minecraft:stone_sword":2,"qualitysdelight:onion_iron":2,"minecraft:rotten_flesh":34,"botania:light_gray_mystical_flower":1,"farmersdelight:onion":30,"butchersdelightfoods:ham":3,"minecraft:red_tulip":2,"qualitycrops:glow_berries_gold":1,"supplementaries:ash":8,"minecraft:spruce_hanging_sign":3,"delightful:cantaloupe_seeds":3,"minecraft:cod":3,"farmersdelight:raw_pasta":6,"minecraft:obsidian":5,"qualitysdelight:cabbage_gold":5,"alexsmobs:lobster_tail":1,"alexsmobs:flying_fish":7,"minecraft:cobblestone":123,"minecraft:birch_log":147,"botania:cyan_mushroom":1,"minecraft:magma_block":7,"minecraft:lilac":7,"minecraft:feather":1,"minecraft:cooked_beef":2,"farmersdelight:rice":4,"corn_delight:corn":13,"minecraft:water_bucket":3,"minecraft:potato":12,"minecraft:flint":1,"delightful:cantaloupe":3,"supplementaries:flax_seeds":11,"minecraft:magenta_bed":1,"butchersdelightfoods:cookedporkloin":2,"qualitycrops:cooked_mutton_iron":1,"qualitysdelight:onion_diamond":1,"minecraft:lapis_lazuli":90,"farmersdelight:tomato":69,"minecraft:dirt":549,"botania:white_double_flower":1,"minecraft:bone":29,"minecraft:glass":4,"farmersdelight:iron_knife":1,"botania:cyan_mystical_flower":2,"butchersdelightfoods:cookedsheeprack":1,"minecraft:bow":1,"botania:pink_mystical_flower":6,"minecraft:wheat_seeds":41,"botania:purple_mystical_flower":3,"ae2:logic_processor_press":1,"minecraft:mossy_stone_bricks":1,"minecraft:diamond_helmet":1,"butchersdelightfoods:cookedsheepshank":1,"minecraft:moss_block":32,"botania:gray_mystical_flower":3,"minecraft:oak_planks":73,"butchersdelightfoods:cooked_llama_leg":2,"botania:red_mystical_flower":1,"minecraft:cooked_porkchop":3,"botania:pink_petal":7,"qualitysdelight:cabbage_iron":12,"alexsmobs:shark_tooth":1,"butchersdelightfoods:porkloin":3,"minecraft:sand":55,"minecraft:stripped_spruce_log":9,"minecraft:grass_block":1,"minecraft:lily_of_the_valley":1,"minecraft:cyan_bed":1,"farmersdelight:ham":5,"minecraft:mossy_cobblestone":1,"minecraft:bundle":1,"minecraft:polished_andesite":11,"qualitycrops:wheat_iron":5,"minecraft:diamond":78,"qualitycrops:cooked_cod_iron":1,"minecraft:bone_meal":2,"minecraft:grass":3,"minecraft:spruce_sign":1,"qualitycrops:apple_diamond":1,"butchersdelight:deadllama":2,"alexsmobs:maggot":1,"minecraft:oak_sapling":9,"botania:brown_mushroom":1,"minecraft:diamond_pickaxe":1,"minecraft:charcoal":4,"minecraft:crafting_table":6,"minecraft:allium":26,"minecraft:chicken":4,"minecraft:clay_ball":264,"minecraft:brown_mushroom":4,"delightful:nut_butter_bottle":1,"farmersdelight:tomato_sauce":2,"ae2:silicon_press":1,"minecraft:moss_carpet":2,"minecraft:iron_axe":1,"minecraft:wooden_sword":1,"miners_delight:cave_carrot":10,"qualitycrops:mutton_iron":1,"minecraft:white_carpet":3,"minecraft:blackstone":95,"botania:magenta_mystical_flower":1,"butchersdelightfoods:cookedporkribs":9,"butchersdelight:dead_cow":1,"minecraft:beef":2,"qualitycrops:melon_slice_gold":7,"minecraft:iron_nugget":62,"minecraft:poppy":7,"delightful:cantaloupe_slice":3,"minecraft:sugar_cane":8,"minecraft:birch_sapling":4,"minecraft:chest":9,"butchersdelightfoods:porkribs":3,"minecraft:diamond_hoe":1,"minecraft:egg":1,"minecraft:dark_oak_sapling":1,"minecraft:sandstone":4,"minecraft:raw_iron":62,"qualitysdelight:onion_gold":2,"minecraft:oak_door":4,"qualitycrops:sweet_berries_gold":6,"artifacts:charm_of_sinking":1,"alexscaves:cycad":1,"farmersdelight:minced_beef":2,"minecraft:copper_ingot":2,"minecraft:bowl":3,"qualitycrops:kelp_gold":1,"botania:purple_mushroom":1,"botania:lime_double_flower":1,"botania:pink_mushroom":1,"qualitycrops:egg_diamond":2,"minecraft:carrot":11,"corn_delight:corn_seeds":48,"minecraft:arrow":29,"butchersdelight:deadsheep":1,"minecraft:diamond_chestplate":1,"minecraft:beetroot_seeds":3,"ae2:certus_quartz_dust":6,"minecraft:shears":1,"minecraft:diamond_boots":1,"farmersdelight:hamburger":1,"botania:blue_mystical_flower":2,"minecraft:pink_tulip":2,"ae2:calculation_processor_press":1,"qualitysdelight:tomato_diamond":2,"botania:green_mystical_flower":2,"farmersdelight:wild_carrots":1,"minecraft:glow_berries":16,"minecraft:mutton":1,"qualitysdelight:cabbage_diamond":4,"minecraft:white_wool":8,"alexscaves:pewen_log":6,"minecraft:glow_ink_sac":2,"minecraft:salmon":3,"minecraft:leather":1,"minecraft:birch_planks":197,"botania:light_gray_mushroom":1,"minecraft:packed_mud":4,"qualitycrops:melon_slice_diamond":5,"alexscaves:limestone":68,"minecraft:oak_log":107,"qualitycrops:cooked_mutton_gold":2,"minecraft:yellow_bed":8,"artifacts:cloud_in_a_bottle":1,"minecraft:cobblestone_stairs":1,"farmersdelight:skillet":1,"botania:black_mystical_flower":8,"alexscaves:amber":20,"botania:light_blue_mystical_flower":2,"butchersdelight:deadchiken":2,"minecraft:cooked_mutton":1,"minecraft:apple":1,"minecraft:kelp":12,"qualitycrops:glow_berries_iron":3,"minecraft:iron_ingot":37,"artifacts:whoopee_cushion":2,"minecraft:stone_pickaxe":1,"minecraft:cooked_chicken":1,"alexscaves:curly_fern":3,"pineapple_delight:pineapple":37,"minecraft:iron_sword":1,"minecraft:flowering_azalea":5,"minecraft:polished_andesite_stairs":1,"botania:purple_double_flower":2,"qualitysdelight:tomato_gold":3,"minecraft:sweet_berries":56,"minecraft:dandelion":7,"minecraft:gravel":3,"delightful:salmonberries":9,"botania:lime_mushroom":1,"minecraft:spruce_log":116,"minecraft:crying_obsidian":1,"minecraft:spruce_door":1,"farmersdelight:cabbage_leaf":4,"qualitycrops:sweet_berries_diamond":3,"travelersbackpack:standard":3,"minecraft:diamond_shovel":1,"qualitycrops:melon_slice_iron":5,"ironfurnaces:copper_furnace":1,"botania:orange_mystical_flower":1,"minecraft:iron_helmet":1,"minecraft:mossy_cobblestone_stairs":1,"ae2:engineering_processor_press":1,"alexscaves:cave_map":1,"minecraft:baked_potato":17,"pineapple_delight:pineapple_crop":60,"minecraft:coal":216,"botania:brown_mystical_flower":4,"minecraft:ender_pearl":1},"minecraft:killed":{"alexsmobs:lobster":4,"minecraft:spider":3,"minecraft:skeleton":17,"alexsmobs:centipede_head":1,"artifacts:mimic":1,"minecraft:salmon":3,"minecraft:zombie":37,"alexscaves:trilocaris":27,"alexsmobs:fly":1,"alexscaves:vallumraptor":1,"alexsmobs:flying_fish":4,"minecraft:wandering_trader":1,"minecraft:enderman":1},"minecraft:broken":{"minecraft:wooden_shovel":1,"minecraft:stone_axe":1,"minecraft:stone_shovel":2,"minecraft:iron_axe":1,"minecraft:iron_pickaxe":1},"minecraft:mined":{"minecraft:spruce_planks":82,"minecraft:farmland":4,"corn_delight:wild_corn":3,"botania:red_mystical_flower":1,"minecraft:cobblestone_stairs":1,"minecraft:obsidian":5,"alexscaves:limestone":75,"minecraft:cave_vines_plant":12,"botania:black_mushroom":2,"botania:light_blue_mushroom":1,"minecraft:grass_block":302,"botania:light_gray_mystical_flower":1,"botania:cyan_mushroom":1,"minecraft:magma_block":8,"botania:purple_mystical_flower":3,"botania:light_gray_mushroom":1,"minecraft:mossy_cobblestone_stairs":2,"farmersdelight:wild_rice":4,"minecraft:iron_ore":52,"minecraft:cobbled_deepslate":7,"botania:lime_double_flower":1,"minecraft:moss_carpet":3,"minecraft:deepslate_lapis_ore":6,"minecraft:azure_bluet":1,"minecraft:cave_vines":18,"minecraft:dirt_path":5,"minecraft:oak_stairs":50,"minecraft:pink_tulip":1,"botania:brown_mystical_flower":4,"botania:light_blue_mystical_flower":2,"corn_delight:corn_crop":18,"botania:green_mystical_flower":2,"minecraft:brown_mushroom":1,"alexscaves:amber":27,"minecraft:blackstone":20,"minecraft:clay":58,"minecraft:torch":160,"minecraft:poppy":3,"minecraft:melon":4,"botania:purple_double_flower":2,"minecraft:chest":9,"supplementaries:wild_flax":1,"minecraft:spruce_wall_sign":1,"farmersdelight:cabbages":69,"botania:brown_mushroom":1,"minecraft:cobblestone":54,"botania:blue_mystical_flower":1,"minecraft:cyan_bed":1,"minecraft:oak_planks":79,"botania:light_gray_double_flower":1,"minecraft:wall_torch":28,"botania:black_mystical_flower":9,"minecraft:spruce_wall_hanging_sign":3,"farmersdelight:sandy_shrub":1,"minecraft:birch_log":90,"minecraft:wheat":13,"pineapple_delight:pineapple_crop":43,"minecraft:magenta_bed":1,"minecraft:lilac":3,"minecraft:smooth_stone_slab":6,"minecraft:grass":76,"minecraft:oak_log":98,"minecraft:sand":54,"minecraft:dirt":290,"minecraft:oak_leaves":204,"minecraft:deepslate":84,"minecraft:crying_obsidian":1,"farmersdelight:onions":8,"minecraft:mossy_cobblestone":1,"minecraft:deepslate_diamond_ore":39,"farmersdelight:wild_carrots":13,"minecraft:allium":5,"alexscaves:pewen_log":8,"delightful:cantaloupe_plant":3,"farmersdelight:tomatoes":1,"farmersdelight:wild_cabbages":3,"minecraft:spruce_leaves":6,"minecraft:moss_block":29,"minecraft:sandstone":4,"minecraft:packed_mud":2,"minecraft:large_fern":6,"farmersdelight:wild_onions":7,"botania:purple_mushroom":1,"botania:magenta_mystical_flower":1,"supplementaries:flax":4,"minecraft:stripped_spruce_log":9,"minecraft:potatoes":3,"minecraft:deepslate_iron_ore":16,"pineapple_delight:pineapple_wild_crop":18,"alexscaves:curly_fern":1,"butchersdelight:skullcow":1,"ae2:sky_stone_block":5,"minecraft:white_tulip":1,"minecraft:stone":77,"minecraft:lily_of_the_valley":1,"botania:lime_mushroom":1,"minecraft:dandelion":6,"travelersbackpack:standard":2,"minecraft:crafting_table":6,"minecraft:rose_bush":7,"botania:pink_mushroom":1,"minecraft:campfire":1,"minecraft:tall_grass":2,"minecraft:lapis_ore":1,"delightful:wild_salmonberries":6,"botania:white_double_flower":1,"minecraft:big_dripleaf":1,"supplementaries:urn":9,"botania:pink_mystical_flower":4,"botania:cyan_mystical_flower":2,"minecraft:birch_planks":141,"butchersdelight:deadcowblock":1,"minecraft:sweet_berry_bush":1,"minecraft:white_carpet":3,"minecraft:spruce_log":75,"minecraft:birch_leaves":24,"minecraft:yellow_bed":8,"botania:yellow_mystical_flower":1,"minecraft:coal_ore":133,"alexscaves:cycad":1,"minecraft:gravel":3,"minecraft:cobweb":4,"botania:gray_mystical_flower":3,"minecraft:polished_andesite":7,"minecraft:mossy_stone_bricks":1,"minecraft:gold_ore":13,"minecraft:fern":7},"minecraft:crafted":{"minecraft:oak_planks":364,"farmersdelight:dumplings":4,"minecraft:spruce_hanging_sign":6,"minecraft:chain":2,"farmersdelight:tomato_sauce":10,"minecraft:chest":17,"minecraft:bricks":4,"minecraft:stone_hoe":1,"minecraft:magenta_dye":1,"botania:light_gray_petal":2,"farmersdelight:stove":1,"farmersdelight:tomato_seeds":1,"botania:cyan_petal":4,"minecraft:wooden_shovel":1,"minecraft:crafting_table":2,"minecraft:spruce_planks":350,"travelersbackpack:standard":1,"minecraft:wooden_pickaxe":1,"minecraft:birch_planks":576,"minecraft:campfire":1,"farmersdelight:wheat_dough":8,"minecraft:diamond_pickaxe":1,"minecraft:stick":154,"minecraft:iron_ingot":30,"minecraft:iron_pickaxe":4,"minecraft:stone_sword":2,"minecraft:birch_stairs":4,"minecraft:wooden_sword":1,"minecraft:oak_door":6,"minecraft:stone_shovel":4,"farmersdelight:pasta_with_meatballs":2,"botania:blue_petal":2,"minecraft:bone_meal":53,"minecraft:pink_dye":1,"minecraft:white_carpet":3,"minecraft:spruce_stairs":4,"minecraft:iron_axe":4,"farmersdelight:cabbage_rolls":1,"botania:white_petal":4,"minecraft:iron_hoe":1,"minecraft:stone_pickaxe":3,"minecraft:spruce_boat":1,"botania:pink_petal":8,"minecraft:magenta_bed":1,"minecraft:cyan_dye":2,"minecraft:spruce_sign":8,"minecraft:cyan_bed":1,"minecraft:iron_sword":2,"minecraft:bowl":8,"farmersdelight:cooking_pot":1,"minecraft:stone_axe":1,"minecraft:blue_dye":2,"alexscaves:limestone_spear":46,"minecraft:oak_stairs":132,"botania:magenta_petal":2,"minecraft:wooden_axe":1,"minecraft:iron_shovel":1,"minecraft:white_bed":2,"minecraft:torch":294,"minecraft:clay":11},"minecraft:used":{"minecraft:moss_block":1,"minecraft:iron_shovel":247,"farmersdelight:cabbage_seeds":74,"minecraft:diamond_hoe":8,"farmersdelight:stove":1,"minecraft:chest":27,"farmersdelight:cabbage":2,"minecraft:iron_sword":290,"minecraft:carrot":6,"minecraft:axolotl_bucket":3,"minecraft:glass":8,"farmersdelight:tomato":3,"alexsmobs:lobster_tail":1,"qualitycrops:glow_berries_gold":1,"pineapple_delight:pineapple":2,"minecraft:spruce_hanging_sign":4,"farmersdelight:tomato_sauce":3,"minecraft:bow":3,"minecraft:sweet_berries":15,"farmersdelight:hamburger":1,"butchersdelightfoods:cookedporkribs":3,"qualitycrops:cooked_cod_iron":1,"minecraft:stone_pickaxe":192,"qualitycrops:melon_slice_diamond":4,"minecraft:oak_planks":164,"botania:orange_mystical_flower":1,"minecraft:sugar_cane":6,"minecraft:glow_berries":7,"minecraft:white_wool":1,"qualitycrops:glow_berries_iron":2,"minecraft:sand":28,"qualitycrops:apple_diamond":1,"minecraft:shears":3,"pineapple_delight:pineapple_crop":58,"minecraft:cyan_bed":2,"farmersdelight:ham":3,"butchersdelightfoods:cooked_ham":2,"supplementaries:flax_seeds":9,"minecraft:diamond_sword":249,"minecraft:wooden_sword":25,"minecraft:air":1,"butchersdelightfoods:cooked_sheeploin":1,"minecraft:bone_meal":60,"delightful:acorn":1,"minecraft:rose_bush":7,"minecraft:stone_sword":86,"minecraft:stone_shovel":301,"minecraft:spruce_planks":356,"botania:black_mystical_flower":1,"minecraft:wooden_shovel":75,"minecraft:stone_hoe":84,"minecraft:cooked_chicken":1,"minecraft:oak_door":6,"minecraft:torch":479,"minecraft:dirt":362,"minecraft:white_carpet":3,"minecraft:spruce_stairs":2,"botania:purple_mystical_flower":3,"alexscaves:limestone":15,"alexscaves:limestone_spear":34,"minecraft:iron_hoe":217,"minecraft:wooden_axe":13,"minecraft:iron_axe":762,"minecraft:oak_stairs":150,"farmersdelight:cooking_pot":1,"butchersdelightfoods:cooked_llama_leg":1,"tombstone:gift":2,"minecraft:cooked_beef":3,"farmersdelight:tomato_seeds":10,"minecraft:cobbled_deepslate":31,"qualitycrops:cooked_mutton_gold":1,"minecraft:wheat_seeds":12,"minecraft:cooked_mutton":7,"minecraft:water_bucket":14,"farmersdelight:skillet":1,"minecraft:birch_planks":618,"minecraft:polished_andesite":4,"botania:yellow_mystical_flower":1,"botania:brown_mystical_flower":4,"minecraft:spruce_sign":10,"delightful:salmonberries":9,"farmersdelight:onion":8,"farmersdelight:wild_carrots":1,"minecraft:crafting_table":5,"minecraft:magenta_bed":2,"botania:light_blue_mystical_flower":2,"minecraft:cod":5,"minecraft:spruce_log":10,"corn_delight:corn_seeds":16,"minecraft:diamond_pickaxe":42,"minecraft:apple":4,"farmersdelight:pasta_with_meatballs":1,"minecraft:iron_pickaxe":530,"delightful:cantaloupe_slice":3,"minecraft:stone_axe":122,"minecraft:cobblestone":64,"travelersbackpack:standard":16,"minecraft:cooked_porkchop":2,"botania:purple_double_flower":2,"minecraft:bucket":27,"minecraft:yellow_bed":7,"alexsmobs:animal_dictionary":2,"minecraft:dandelion":2},"minecraft:custom":{"minecraft:interact_with_crafting_table":81,"minecraft:open_barrel":4,"minecraft:leave_game":15,"minecraft:time_since_death":986808,"minecraft:damage_resisted":2,"minecraft:sprint_one_cm":974893,"minecraft:drop":132,"minecraft:play_time":986808,"minecraft:interact_with_brewingstand":1,"minecraft:jump":3462,"minecraft:walk_on_water_one_cm":199222,"minecraft:enchant_item":5,"minecraft:interact_with_furnace":24,"minecraft:interact_with_loom":1,"minecraft:sleep_in_bed":19,"minecraft:waystone_activated":1,"minecraft:damage_dealt":17041,"minecraft:crouch_one_cm":31511,"tombstone:undead_killed":54,"tombstone:villager_killed":1,"minecraft:interact_with_smithing_table":2,"minecraft:mob_kills":104,"minecraft:inspect_hopper":1,"minecraft:climb_one_cm":2543,"minecraft:walk_one_cm":2944431,"minecraft:sneak_time":19306,"minecraft:walk_under_water_one_cm":94792,"minecraft:boat_one_cm":195024,"minecraft:total_world_time":986808,"minecraft:time_since_rest":75671,"minecraft:damage_taken":2266,"minecraft:swim_one_cm":150643,"minecraft:fly_one_cm":103370,"minecraft:open_chest":401,"minecraft:fall_one_cm":28312}},"DataVersion":3465}