{"stats":{"minecraft:mined":{"botania:red_mystical_flower":1,"alexscaves:limestone":112,"minecraft:obsidian":19,"botania:light_blue_mushroom":1,"botania:light_gray_mystical_flower":1,"minecraft:polished_blackstone_bricks":6,"botania:cyan_mushroom":1,"minecraft:magma_block":8,"botania:purple_mystical_flower":3,"botania:light_gray_mushroom":1,"minecraft:mossy_cobblestone_stairs":2,"minecraft:barrel":1,"minecraft:fire":1,"minecraft:cobbled_deepslate":17,"minecraft:moss_carpet":3,"minecraft:deepslate_lapis_ore":6,"minecraft:cave_vines":18,"minecraft:dirt_path":5,"minecraft:oak_stairs":50,"minecraft:pink_tulip":1,"botania:brown_mystical_flower":4,"botania:light_blue_mystical_flower":2,"botania:green_mystical_flower":2,"minecraft:brown_mushroom":1,"alexscaves:amber":27,"minecraft:crimson_nylium":1,"minecraft:torch":167,"minecraft:melon":10,"botania:purple_double_flower":2,"minecraft:spruce_wall_sign":1,"farmersdelight:cabbages":69,"botania:brown_mushroom":1,"minecraft:cyan_bed":1,"botania:black_mystical_flower":9,"minecraft:wheat":13,"minecraft:magenta_bed":1,"pineapple_delight:pineapple_crop":43,"minecraft:lilac":3,"minecraft:grass":97,"minecraft:smooth_basalt":6,"minecraft:deepslate":102,"minecraft:mossy_cobblestone":1,"farmersdelight:wild_carrots":13,"botania:red_mushroom":1,"minecraft:allium":5,"delightful:cantaloupe_plant":3,"alexscaves:pewen_log":8,"alexsmobs:leafcutter_ant_chamber":1,"farmersdelight:wild_cabbages":3,"minecraft:moss_block":39,"farmersdelight:wild_onions":7,"botania:magenta_mystical_flower":1,"minecraft:packed_mud":2,"supplementaries:flax":4,"minecraft:potatoes":3,"pineapple_delight:pineapple_wild_crop":18,"minecraft:vine":2,"botania:yellow_mushroom":1,"butchersdelight:skullcow":1,"minecraft:bamboo":3,"ae2:sky_stone_block":5,"minecraft:soul_sand":7,"minecraft:lily_of_the_valley":1,"botania:lime_mushroom":1,"minecraft:dandelion":7,"botania:pink_mushroom":1,"minecraft:campfire":1,"minecraft:tall_grass":2,"farmersdelight:wild_tomatoes":6,"minecraft:big_dripleaf":1,"minecraft:white_carpet":3,"minecraft:spruce_log":75,"minecraft:birch_leaves":26,"alexscaves:cycad":2,"minecraft:gravel":3,"botania:gray_mystical_flower":3,"minecraft:cobweb":4,"minecraft:gold_ore":13,"minecraft:fern":11,"minecraft:spruce_planks":82,"minecraft:farmland":4,"corn_delight:wild_corn":4,"minecraft:cobblestone_stairs":1,"minecraft:cave_vines_plant":12,"botania:black_mushroom":2,"minecraft:grass_block":312,"minecraft:cracked_polished_blackstone_bricks":2,"minecraft:soul_soil":1,"minecraft:gilded_blackstone":1,"farmersdelight:wild_rice":24,"minecraft:iron_ore":53,"botania:lime_double_flower":1,"minecraft:azure_bluet":1,"minecraft:azalea":1,"corn_delight:corn_crop":18,"minecraft:blackstone":33,"minecraft:clay":60,"minecraft:poppy":3,"minecraft:chest":9,"supplementaries:wild_flax":1,"minecraft:nether_quartz_ore":216,"minecraft:cobblestone":61,"botania:blue_mystical_flower":1,"minecraft:oak_planks":79,"botania:light_gray_double_flower":1,"minecraft:wall_torch":35,"minecraft:spruce_wall_hanging_sign":3,"farmersdelight:sandy_shrub":1,"minecraft:nether_wart_block":1,"minecraft:birch_log":90,"minecraft:smooth_stone_slab":6,"minecraft:oak_log":99,"minecraft:sand":236,"minecraft:dirt":305,"minecraft:netherrack":75,"minecraft:oak_leaves":490,"minecraft:nether_gold_ore":18,"minecraft:crying_obsidian":1,"minecraft:tuff":2,"farmersdelight:onions":8,"minecraft:deepslate_diamond_ore":49,"farmersdelight:tomatoes":1,"minecraft:spruce_leaves":6,"minecraft:sandstone":4,"minecraft:large_fern":8,"botania:purple_mushroom":1,"minecraft:stripped_spruce_log":9,"minecraft:gold_block":1,"minecraft:deepslate_iron_ore":26,"minecraft:shroomlight":2,"alexscaves:curly_fern":1,"minecraft:stone":88,"minecraft:white_tulip":1,"travelersbackpack:standard":5,"minecraft:crafting_table":7,"minecraft:rose_bush":8,"minecraft:lapis_ore":1,"botania:white_double_flower":1,"delightful:wild_salmonberries":6,"supplementaries:urn":13,"botania:pink_mystical_flower":4,"botania:cyan_mystical_flower":2,"minecraft:birch_planks":144,"butchersdelight:deadcowblock":1,"minecraft:sweet_berry_bush":1,"minecraft:yellow_bed":8,"minecraft:coal_ore":164,"botania:yellow_mystical_flower":1,"minecraft:cocoa":21,"minecraft:polished_andesite":7,"minecraft:mossy_stone_bricks":1},"minecraft:killed":{"alexsmobs:lobster":4,"minecraft:skeleton":23,"alexsmobs:leafcutter_ant":1,"alexsmobs:centipede_head":1,"minecraft:salmon":3,"minecraft:pillager":1,"minecraft:zombie":46,"alexscaves:trilocaris":27,"minecraft:wandering_trader":1,"minecraft:enderman":1,"minecraft:zombified_piglin":9,"minecraft:spider":3,"minecraft:piglin_brute":1,"artifacts:mimic":1,"minecraft:piglin":1,"minecraft:creeper":1,"alexsmobs:fly":1,"alexscaves:vallumraptor":1,"minecraft:phantom":1,"alexsmobs:flying_fish":4},"minecraft:custom":{"minecraft:interact_with_crafting_table":87,"minecraft:open_barrel":5,"minecraft:eat_cake_slice":1,"minecraft:leave_game":17,"minecraft:time_since_death":78744,"minecraft:play_time":1309908,"minecraft:deaths":2,"minecraft:jump":5181,"minecraft:enchant_item":5,"minecraft:interact_with_furnace":25,"minecraft:sleep_in_bed":25,"minecraft:waystone_activated":2,"minecraft:damage_dealt":24714,"tombstone:undead_killed":79,"minecraft:interact_with_smithing_table":2,"minecraft:inspect_hopper":1,"minecraft:sneak_time":21291,"minecraft:total_world_time":1309908,"tombstone:raider_killed":2,"minecraft:time_since_rest":700,"minecraft:swim_one_cm":155273,"minecraft:fly_one_cm":135617,"minecraft:open_chest":445,"minecraft:fall_one_cm":64380,"minecraft:damage_resisted":2,"minecraft:sprint_one_cm":1147988,"minecraft:drop":180,"minecraft:interact_with_brewingstand":1,"minecraft:walk_on_water_one_cm":237903,"minecraft:interact_with_loom":1,"minecraft:crouch_one_cm":37138,"tombstone:villager_killed":1,"minecraft:mob_kills":134,"minecraft:interact_with_campfire":6,"minecraft:climb_one_cm":6332,"minecraft:walk_one_cm":3698514,"minecraft:walk_under_water_one_cm":105825,"minecraft:boat_one_cm":195024,"minecraft:damage_taken":4574},"minecraft:picked_up":{"minecraft:wooden_axe":1,"minecraft:iron_chestplate":4,"minecraft:lead":2,"minecraft:smithing_table":1,"minecraft:diamond_sword":1,"minecraft:oak_stairs":35,"alexscaves:trilocaris_tail":17,"butchersdelightfoods:cooked_ham":5,"minecraft:enchanted_book":2,"botania:light_blue_mushroom":1,"minecraft:golden_sword":4,"minecraft:polished_blackstone_brick_stairs":2,"minecraft:string":1,"qualitycrops:sweet_berries_iron":14,"minecraft:soul_soil":2,"minecraft:cooked_salmon":2,"travelersbackpack:creeper":2,"minecraft:shroomlight":2,"minecraft:diamond_leggings":1,"minecraft:gold_nugget":101,"minecraft:cobbled_deepslate":146,"minecraft:spruce_planks":59,"qualitycrops:potato_gold":2,"minecraft:melon_slice":62,"minecraft:big_dripleaf":3,"minecraft:golden_axe":1,"qualitycrops:cocoa_beans_iron":2,"alexsmobs:centipede_leg":4,"minecraft:stone_sword":2,"qualitysdelight:onion_iron":2,"minecraft:tropical_fish":1,"farmersdelight:onion":30,"minecraft:red_tulip":3,"supplementaries:ash":21,"delightful:cantaloupe_seeds":3,"alexsmobs:flying_fish":7,"qualitysdelight:cabbage_gold":5,"alexsmobs:lobster_tail":1,"botania:cyan_mushroom":1,"minecraft:birch_log":147,"minecraft:magma_block":7,"minecraft:feather":1,"minecraft:cooked_beef":2,"farmersdelight:rice":22,"minecraft:water_bucket":3,"minecraft:flint":1,"delightful:cantaloupe":3,"alexsmobs:cooked_kangaroo_meat":1,"minecraft:magenta_bed":1,"butchersdelightfoods:cookedporkloin":2,"farmersdelight:tomato":81,"botania:white_double_flower":1,"butchersdelightfoods:cookedsheeprack":1,"minecraft:diamond_helmet":1,"minecraft:moss_block":36,"butchersdelightfoods:cooked_llama_leg":2,"botania:red_mystical_flower":1,"qualitysdelight:cabbage_iron":12,"alexsmobs:shark_tooth":1,"butchersdelightfoods:porkloin":3,"minecraft:stripped_spruce_log":9,"minecraft:barrel":1,"minecraft:bundle":2,"minecraft:polished_andesite":11,"qualitycrops:cooked_cod_iron":1,"qualitycrops:apple_diamond":1,"alexsmobs:maggot":1,"botania:brown_mushroom":1,"minecraft:crimson_roots":1,"minecraft:diamond_pickaxe":1,"minecraft:crafting_table":7,"minecraft:clay_ball":272,"ae2:silicon_press":1,"qualitycrops:mutton_iron":1,"minecraft:white_carpet":3,"butchersdelight:dead_cow":1,"minecraft:beef":2,"minecraft:iron_nugget":62,"minecraft:poppy":7,"minecraft:chest":9,"minecraft:birch_sapling":4,"minecraft:diamond_hoe":1,"minecraft:egg":4,"minecraft:sandstone":4,"minecraft:oak_door":4,"alexscaves:cycad":1,"artifacts:charm_of_sinking":1,"farmersdelight:minced_beef":2,"botania:purple_mushroom":1,"alexscaves:primordial_helmet":1,"farmersdelight:tomato_seeds":4,"botania:pink_mushroom":1,"minecraft:carrot":11,"minecraft:diamond_chestplate":1,"butchersdelight:deadsheep":1,"minecraft:beetroot_seeds":3,"minecraft:shears":1,"minecraft:diamond_boots":1,"farmersdelight:hamburger":1,"botania:blue_mystical_flower":2,"minecraft:gold_ingot":2,"minecraft:glow_berries":16,"botania:green_mystical_flower":2,"minecraft:mutton":1,"qualitysdelight:cabbage_diamond":4,"minecraft:white_wool":9,"alexscaves:pewen_log":7,"botania:light_gray_mushroom":1,"minecraft:packed_mud":4,"minecraft:oak_log":107,"qualitycrops:cooked_mutton_gold":2,"botania:red_mushroom":1,"farmersdelight:skillet":1,"tombstone:gift":5,"butchersdelight:deadchiken":8,"minecraft:apple":5,"qualitycrops:cocoa_beans_diamond":2,"minecraft:kelp":12,"minecraft:stone_pickaxe":1,"pineapple_delight:pineapple":37,"minecraft:iron_sword":1,"minecraft:flowering_azalea":5,"minecraft:polished_andesite_stairs":1,"botania:purple_double_flower":2,"minecraft:sweet_berries":67,"minecraft:gravel":3,"delightful:salmonberries":9,"botania:lime_mushroom":1,"minecraft:spruce_log":116,"minecraft:crying_obsidian":1,"farmersdelight:cabbage_leaf":4,"travelersbackpack:standard":7,"minecraft:diamond_shovel":2,"botania:orange_mystical_flower":1,"alexscaves:cave_map":1,"minecraft:baked_potato":17,"pineapple_delight:pineapple_crop":60,"botania:brown_mystical_flower":4,"minecraft:ender_pearl":1,"minecraft:wheat":13,"minecraft:potion":1,"minecraft:gilded_blackstone":1,"minecraft:raw_copper":27,"minecraft:smooth_stone_slab":3,"qualitysdelight:tomato_iron":2,"minecraft:iron_leggings":2,"minecraft:zombie_head":1,"minecraft:tnt_minecart":1,"farmersdelight:cabbage":65,"minecraft:bucket":2,"delightful:acorn":6,"minecraft:white_tulip":1,"minecraft:rose_bush":7,"minecraft:azalea":1,"minecraft:wooden_shovel":1,"minecraft:iron_pickaxe":2,"delightful:green_tea_leaf":3,"alexscaves:flytrap":1,"farmersdelight:cabbage_seeds":150,"minecraft:iron_boots":1,"butchersdelightfoods:cooked_sheeploin":2,"minecraft:stick":27,"alexscaves:limestone_spear":5,"qualitycrops:salmon_iron":2,"farmersdelight:rotten_tomato":6,"minecraft:torch":392,"botania:yellow_mystical_flower":1,"botania:black_mushroom":2,"travelersbackpack:iron_tier_upgrade":1,"alexscaves:heavy_bone":5,"minecraft:porkchop":3,"tombstone:grave_dust":12,"supplementaries:flax":4,"ae2:sky_stone_block":2,"minecraft:rotten_flesh":42,"botania:light_gray_mystical_flower":1,"supplementaries:antique_ink":3,"butchersdelightfoods:ham":3,"qualitycrops:glow_berries_gold":1,"minecraft:spruce_hanging_sign":3,"farmersdelight:raw_pasta":6,"minecraft:obsidian":16,"minecraft:cod":3,"minecraft:cobblestone":126,"minecraft:lilac":7,"corn_delight:corn":13,"minecraft:potato":12,"supplementaries:flax_seeds":11,"qualitysdelight:onion_diamond":1,"qualitycrops:cooked_mutton_iron":1,"minecraft:lapis_lazuli":90,"minecraft:dirt":591,"minecraft:glass":4,"minecraft:bone":39,"botania:cyan_mystical_flower":2,"farmersdelight:iron_knife":1,"minecraft:bow":4,"minecraft:wheat_seeds":45,"botania:pink_mystical_flower":6,"botania:purple_mystical_flower":3,"ae2:logic_processor_press":1,"minecraft:mossy_stone_bricks":1,"butchersdelightfoods:cookedsheepshank":1,"minecraft:bamboo":20,"minecraft:oak_planks":73,"botania:gray_mystical_flower":3,"minecraft:cooked_porkchop":3,"botania:pink_petal":7,"minecraft:sand":231,"minecraft:cyan_bed":1,"minecraft:grass_block":1,"minecraft:lily_of_the_valley":1,"farmersdelight:ham":5,"minecraft:mossy_cobblestone":1,"qualitycrops:wheat_iron":5,"minecraft:diamond":111,"minecraft:cracked_polished_blackstone_bricks":8,"minecraft:crossbow":2,"minecraft:grass":3,"minecraft:bone_meal":2,"minecraft:spruce_sign":1,"butchersdelight:deadllama":2,"minecraft:oak_sapling":16,"minecraft:netherrack":175,"minecraft:charcoal":4,"minecraft:cocoa_beans":55,"minecraft:allium":26,"minecraft:chicken":4,"minecraft:brown_mushroom":4,"nethersdelight:propelpearl":2,"qualitycrops:cooked_salmon_iron":2,"farmersdelight:tomato_sauce":2,"minecraft:gold_block":1,"delightful:nut_butter_bottle":1,"minecraft:moss_carpet":10,"minecraft:iron_axe":1,"minecraft:wooden_sword":1,"miners_delight:cave_carrot":10,"botania:magenta_mystical_flower":1,"butchersdelightfoods:cookedporkribs":9,"minecraft:blackstone":102,"qualitycrops:melon_slice_gold":10,"delightful:cantaloupe_slice":3,"minecraft:sugar_cane":8,"butchersdelightfoods:porkribs":3,"minecraft:phantom_membrane":2,"minecraft:dark_oak_sapling":1,"minecraft:raw_iron":73,"qualitysdelight:onion_gold":2,"qualitycrops:sweet_berries_gold":6,"minecraft:copper_ingot":2,"minecraft:bowl":4,"qualitycrops:kelp_gold":1,"minecraft:polished_blackstone_bricks":17,"botania:lime_double_flower":1,"qualitycrops:egg_diamond":2,"corn_delight:corn_seeds":48,"minecraft:arrow":35,"ae2:certus_quartz_dust":6,"minecraft:pink_tulip":2,"ae2:calculation_processor_press":1,"qualitysdelight:tomato_diamond":2,"alexsmobs:ghostly_pickaxe":1,"farmersdelight:wild_carrots":1,"minecraft:basalt":13,"minecraft:glow_ink_sac":4,"minecraft:salmon":3,"minecraft:leather":1,"minecraft:birch_planks":199,"qualitycrops:melon_slice_diamond":5,"alexscaves:limestone":100,"artifacts:cloud_in_a_bottle":1,"minecraft:yellow_bed":8,"minecraft:nether_wart_block":1,"minecraft:gunpowder":2,"minecraft:cobblestone_stairs":1,"botania:light_blue_mystical_flower":2,"alexscaves:amber":21,"botania:black_mystical_flower":8,"botania:yellow_mushroom":1,"minecraft:cooked_mutton":2,"qualitycrops:glow_berries_iron":3,"minecraft:iron_ingot":37,"artifacts:whoopee_cushion":2,"minecraft:cooked_chicken":1,"alexscaves:curly_fern":3,"minecraft:soul_sand":8,"qualitysdelight:tomato_gold":5,"minecraft:quartz":131,"minecraft:dandelion":7,"minecraft:spruce_door":1,"qualitycrops:sweet_berries_diamond":3,"ironfurnaces:copper_furnace":1,"qualitycrops:melon_slice_iron":15,"minecraft:iron_helmet":1,"minecraft:mossy_cobblestone_stairs":1,"ae2:engineering_processor_press":1,"tombstone:magic_scroll":2,"minecraft:coal":248,"alexscaves:ancient_sapling":1},"minecraft:killed_by":{"minecraft:zombified_piglin":1},"minecraft:crafted":{"farmersdelight:dumplings":4,"minecraft:chain":2,"minecraft:diamond_helmet":1,"minecraft:diamond_leggings":1,"minecraft:magenta_dye":1,"botania:light_gray_petal":2,"minecraft:wooden_shovel":1,"travelersbackpack:standard":1,"minecraft:campfire":1,"farmersdelight:wheat_dough":8,"minecraft:iron_pickaxe":4,"minecraft:birch_stairs":4,"minecraft:stone_shovel":4,"botania:blue_petal":2,"minecraft:bone_meal":53,"minecraft:pink_dye":1,"minecraft:white_carpet":3,"minecraft:spruce_stairs":4,"botania:white_petal":4,"minecraft:stone_pickaxe":3,"minecraft:spruce_boat":1,"botania:pink_petal":8,"minecraft:crossbow":1,"minecraft:cyan_bed":1,"farmersdelight:cooking_pot":1,"minecraft:golden_apple":4,"minecraft:wooden_axe":1,"minecraft:oak_stairs":132,"minecraft:iron_shovel":1,"minecraft:white_bed":2,"minecraft:oak_planks":364,"minecraft:spruce_hanging_sign":6,"alexscaves:pewen_planks":4,"tombstone:grave_key":2,"farmersdelight:tomato_sauce":10,"minecraft:chest":17,"minecraft:bricks":4,"minecraft:stone_hoe":1,"farmersdelight:stove":1,"farmersdelight:tomato_seeds":1,"botania:cyan_petal":4,"minecraft:crafting_table":3,"minecraft:spruce_planks":350,"minecraft:wooden_pickaxe":1,"minecraft:birch_planks":576,"minecraft:diamond_pickaxe":1,"minecraft:stick":154,"minecraft:iron_ingot":30,"minecraft:stone_sword":2,"minecraft:wooden_sword":1,"minecraft:oak_door":6,"farmersdelight:pasta_with_meatballs":2,"minecraft:iron_axe":4,"farmersdelight:cabbage_rolls":1,"minecraft:iron_hoe":1,"minecraft:magenta_bed":1,"minecraft:cyan_dye":2,"minecraft:spruce_sign":8,"minecraft:iron_sword":2,"minecraft:bowl":8,"minecraft:stone_axe":1,"minecraft:blue_dye":2,"alexscaves:limestone_spear":74,"botania:magenta_petal":2,"minecraft:torch":294,"minecraft:clay":11,"minecraft:diamond_chestplate":1},"minecraft:used":{"minecraft:moss_block":2,"farmersdelight:cabbage_seeds":74,"minecraft:chest":27,"farmersdelight:cabbage":2,"qualitycrops:glow_berries_gold":1,"minecraft:bow":11,"minecraft:sweet_berries":15,"butchersdelightfoods:cookedporkribs":3,"farmersdelight:hamburger":1,"qualitycrops:cooked_mutton_iron":1,"qualitycrops:melon_slice_diamond":5,"minecraft:blackstone":1,"minecraft:glow_berries":7,"minecraft:sand":28,"pineapple_delight:pineapple_crop":58,"supplementaries:flax_seeds":9,"minecraft:diamond_sword":739,"minecraft:wooden_sword":25,"delightful:acorn":1,"minecraft:stone_sword":86,"botania:black_mystical_flower":1,"minecraft:cooked_salmon":2,"minecraft:netherrack":49,"minecraft:torch":563,"minecraft:iron_axe":870,"farmersdelight:cooking_pot":1,"tombstone:gift":6,"farmersdelight:tomato_seeds":10,"minecraft:cobbled_deepslate":82,"minecraft:wheat_seeds":12,"minecraft:water_bucket":51,"minecraft:birch_planks":618,"botania:yellow_mystical_flower":1,"minecraft:polished_blackstone_bricks":5,"delightful:salmonberries":9,"farmersdelight:wild_carrots":1,"minecraft:crafting_table":7,"botania:light_blue_mystical_flower":2,"minecraft:cod":5,"minecraft:spruce_log":10,"minecraft:diamond_pickaxe":554,"minecraft:diamond_shovel":190,"farmersdelight:pasta_with_meatballs":1,"minecraft:iron_pickaxe":594,"delightful:cantaloupe_slice":3,"minecraft:cobblestone":64,"qualitycrops:sweet_berries_iron":6,"travelersbackpack:standard":23,"minecraft:cooked_porkchop":6,"botania:purple_double_flower":2,"minecraft:dandelion":2,"minecraft:iron_shovel":247,"minecraft:diamond_hoe":8,"farmersdelight:stove":1,"minecraft:iron_sword":290,"minecraft:carrot":6,"minecraft:axolotl_bucket":5,"minecraft:glass":8,"farmersdelight:tomato":3,"alexsmobs:lobster_tail":1,"pineapple_delight:pineapple":2,"minecraft:spruce_hanging_sign":4,"farmersdelight:tomato_sauce":3,"qualitycrops:cooked_cod_iron":1,"minecraft:stone_pickaxe":192,"minecraft:oak_planks":164,"botania:orange_mystical_flower":1,"minecraft:sugar_cane":6,"minecraft:white_wool":1,"qualitycrops:glow_berries_iron":2,"qualitycrops:apple_diamond":1,"minecraft:crossbow":17,"minecraft:shears":3,"minecraft:cyan_bed":2,"minecraft:melon_slice":9,"tombstone:grave_key":6,"farmersdelight:ham":5,"butchersdelightfoods:cooked_ham":2,"minecraft:air":1,"minecraft:tropical_fish_bucket":1,"minecraft:bone_meal":60,"butchersdelightfoods:cooked_sheeploin":1,"minecraft:rose_bush":7,"minecraft:stone_shovel":301,"minecraft:spruce_planks":356,"minecraft:wooden_shovel":75,"minecraft:stone_hoe":84,"minecraft:cooked_chicken":1,"minecraft:oak_door":6,"minecraft:dirt":381,"minecraft:white_carpet":3,"minecraft:spruce_stairs":2,"alexscaves:limestone":15,"botania:purple_mystical_flower":3,"minecraft:iron_hoe":217,"alexscaves:limestone_spear":40,"minecraft:wooden_axe":13,"minecraft:oak_stairs":150,"butchersdelightfoods:cooked_llama_leg":1,"minecraft:cooked_beef":3,"qualitycrops:cooked_mutton_gold":1,"minecraft:cooked_mutton":9,"farmersdelight:skillet":1,"minecraft:polished_andesite":4,"minecraft:baked_potato":17,"botania:brown_mystical_flower":4,"minecraft:spruce_sign":10,"farmersdelight:onion":8,"minecraft:magenta_bed":2,"corn_delight:corn_seeds":16,"minecraft:apple":4,"minecraft:stone_axe":122,"minecraft:bucket":66,"minecraft:yellow_bed":7,"alexsmobs:animal_dictionary":2},"minecraft:dropped":{"qualitycrops:sweet_berries_diamond":3,"minecraft:iron_sword":1,"butchersdelight:dead_cow":1,"minecraft:diamond":14,"alexscaves:curly_fern":3,"alexscaves:flytrap":1,"minecraft:glow_berries":6,"minecraft:dirt":19,"minecraft:tnt_minecart":1,"alexsmobs:flying_fish":6,"qualitycrops:cocoa_beans_iron":2,"minecraft:wooden_sword":2,"minecraft:bone_meal":1,"minecraft:phantom_membrane":1,"minecraft:sand":2,"alexscaves:cycad":1,"minecraft:bone":3,"minecraft:iron_nugget":39,"butchersdelight:deadsheep":1,"minecraft:birch_sapling":1,"minecraft:obsidian":5,"tombstone:gift":4,"minecraft:rotten_flesh":22,"minecraft:oak_planks":2,"supplementaries:flax_seeds":4,"butchersdelightfoods:cookedporkribs":1,"minecraft:glass":3,"minecraft:crying_obsidian":1,"minecraft:enchanted_book":1,"minecraft:iron_ingot":36,"minecraft:wheat_seeds":13,"minecraft:feather":1,"minecraft:cobblestone":3,"artifacts:whoopee_cushion":2,"qualitycrops:glow_berries_iron":1,"qualitycrops:sweet_berries_gold":1,"minecraft:coal":4,"minecraft:golden_apple":2,"travelersbackpack:creeper":2,"minecraft:polished_andesite":2,"alexscaves:trilocaris_tail":4,"alexscaves:ancient_sapling":1,"minecraft:wooden_axe":2,"minecraft:diamond_helmet":1,"delightful:acorn":1,"minecraft:mossy_cobblestone_stairs":1,"minecraft:string":1,"minecraft:moss_carpet":10,"minecraft:soul_soil":1,"minecraft:stone_sword":2,"minecraft:bowl":2,"butchersdelightfoods:cooked_sheeploin":1,"minecraft:clay_ball":4,"alexsmobs:cooked_kangaroo_meat":1,"minecraft:lily_of_the_valley":1,"minecraft:diamond_sword":1,"minecraft:big_dripleaf":3,"minecraft:spruce_boat":1,"minecraft:allium":14,"minecraft:sandstone":2,"minecraft:bow":1,"minecraft:red_tulip":1,"minecraft:moss_block":29,"minecraft:birch_planks":17,"butchersdelightfoods:cooked_ham":2,"travelersbackpack:standard":1,"minecraft:cod":3,"minecraft:flint":1,"alexscaves:cave_map":1,"minecraft:gilded_blackstone":1,"minecraft:gold_ingot":1,"minecraft:gravel":3,"minecraft:white_tulip":1,"minecraft:blackstone":1,"minecraft:poppy":3,"supplementaries:ash":1,"minecraft:gunpowder":2,"minecraft:beetroot_seeds":3,"minecraft:azalea":1,"minecraft:quartz":3,"minecraft:netherrack":4,"minecraft:lilac":2,"minecraft:diamond_leggings":1,"minecraft:stick":7,"minecraft:blue_dye":1,"minecraft:torch":41,"minecraft:melon_slice":2,"qualitysdelight:cabbage_diamond":1,"tombstone:grave_dust":4,"minecraft:polished_andesite_stairs":1,"minecraft:bucket":1,"farmersdelight:pasta_with_meatballs":1,"butchersdelight:deadchiken":1,"farmersdelight:rotten_tomato":1,"minecraft:kelp":2,"minecraft:sweet_berries":4,"farmersdelight:dumplings":4,"farmersdelight:tomato_sauce":4,"qualitycrops:egg_diamond":2,"ironfurnaces:copper_furnace":1,"minecraft:diamond_chestplate":1,"minecraft:mossy_stone_bricks":1,"minecraft:oak_sapling":2,"minecraft:golden_sword":3,"minecraft:stone_pickaxe":2,"minecraft:wooden_pickaxe":1,"minecraft:brick":42},"minecraft:broken":{"minecraft:wooden_shovel":1,"minecraft:iron_axe":1,"minecraft:iron_pickaxe":1,"minecraft:stone_axe":1,"minecraft:stone_shovel":2}},"DataVersion":3465}